id,time,score,city,name,gender,content
1035717031,2018-08-16 10:35,3.0,贵阳,blfwhc,女,不太喜欢看！
1035714945,2018-08-16 10:35,4.0,武汉,沐jing萱,女,真是一出好戏，张艺兴本色出演，有点小坏，越来越棒～现实的黑色幽默，末日启示录……讲真，电影有点长了，看完之后心情很复杂，要是真有这么一天我们该怎么办？
1035717027,2018-08-16 10:35,5.0,封丘,Mr.温TEL,男,还可以，惊心动魄
1035649211,2018-08-16 10:35,5.0,浠水,不是朕的事,男,电影不错，我兴的演技又提高了
1035639280,2018-08-16 10:34,4.5,北京,PkK235502019,男,好还好还好哈
1035714907,2018-08-16 10:34,4.0,淮北,AnkhRec,女,挺好看的，人性贯穿其中
1035714905,2018-08-16 10:34,4.0,珠海,Gpu762669682,女,还行，挺搞笑的
1035708412,2018-08-16 10:34,5.0,天津,VVW420812430,女,挺好看的，每个人物都很鲜活立体。
1035712120,2018-08-16 10:33,4.0,深圳,果不其然,男,嗯，暴风雪中的小山庄剧情
1035714877,2018-08-16 10:33,5.0,荣成,CTz209062090,女,昨晚看的非常好看、喜欢黄渤、喜欢他的真实、支持国产电影，支持有实力的人去拍电影。支持有实力的人去演电影。
1035708401,2018-08-16 10:33,5.0,汕头,qHa945171090,女,不错~脑洞大开
1035714876,2018-08-16 10:33,5.0,东莞,荒山道士,男,"黄渤的片子虽然还不是很成熟，但是内涵、故事情节、人物刻画都在国产片中是比较完美的了。
很喜欢，希望渤导继续加油！！"
1035713968,2018-08-16 10:33,3.5,贵阳,Tt只要有你,女,千万在手，天下我有
1035713957,2018-08-16 10:32,4.5,烟台,LoveGintonic,女,这是一部题材很宽的电影，社会阶级形成的缩影，人性的真实演绎。摇摆不定的砖家，时乖时狂的保安，见风使舵的老板，自大膨胀的王，扑克牌的霸权，鱼的垄断，技术产生的动力，最清醒的疯子，隐瞒真相的代价。你的脑海是否闪现过如下场景，砖家辟谣，战时汉奸，强权政治，资本疯狂，通货膨胀，资源掠夺，麻木看客，谎言当道。社会如此，电影亦如此。一场大火点睛之笔——唯置死地而后生，才会迎来新的开始！
1035708390,2018-08-16 10:32,5.0,南京,sYL790117620,女,有瑕疵 但不失为一部好电影 很深意的一部电影
1035611769,2018-08-16 10:32,4.0,沭阳,hhhgerry,男,剧情反转得有点生硬！
1035714825,2018-08-16 10:32,5.0,鞍山,上官春天,女,很好看，下次继续观看
1035712104,2018-08-16 10:31,4.0,吴江,qno438345232,女,挺好。。。。。。。。
1035713899,2018-08-16 10:30,4.5,德州,夜空中的星和辰,男,看起来还行吧
1035712090,2018-08-16 10:30,4.0,丽江,么么图腾,女,一出超现实的隐喻大戏，王宝强扣分。
1035713881,2018-08-16 10:30,2.0,济南,喝咖啡的小方糖糖,女,虽然完全没有新意和营养，好在还算是一个电影。
1035714736,2018-08-16 10:29,5.0,潍坊,qtZ276601419,女,喜欢黄渤 这部剧很真实的反映了人性。很赞
1034507688,2018-08-16 10:29,5.0,北京,bFe750511603,女,这么有态度的处女作品 黄渤对得起观众
1035708341,2018-08-16 10:28,4.5,西宁,rfq850895820,女,很励志，是部好片子，黄渤真棒👍👍👍
1035712061,2018-08-16 10:27,5.0,成都,AptX54,男,对人性的反映很棒，好评
1035708323,2018-08-16 10:27,4.0,广州,有容乃大,男,还是很不错的。环境会改变人，保持一份纯真很不容易，
1035714650,2018-08-16 10:26,4.5,银川,北淮371,女,一部出人意料的电影，刻画出人类社会的演变，还有内容很深刻
1035713771,2018-08-16 10:26,4.0,西安,HkF448829987,女,张艺兴黑化的真👍
1035707553,2018-08-16 10:26,2.5,东海,mll0326,女,一般般，感觉不好看朋友都看睡着了
1035714586,2018-08-16 10:24,5.0,沈阳,故渊_.,女,看完心情复杂 很棒
1035707513,2018-08-16 10:23,3.0,常山,宁严小贝,女,一般般，没看出啥来
1035713661,2018-08-16 10:22,1.0,邵阳,jjy63390908,女,太差了？啰嗦死了
1035713656,2018-08-16 10:22,2.0,广州,RMX230510513,男,好无聊 差点睡着
1035713641,2018-08-16 10:22,4.0,泸州,yLQ723152509,女,挺好看的，张艺兴演技的转变，王宝强演技依然浮夸！好评
1035714526,2018-08-16 10:22,5.0,深圳,茗茗小草,女,好看，支持黄渤的处女座
1035670926,2018-08-16 10:21,0.5,东莞,Y.77754,男,"不好看
超鸡不好"
1035703976,2018-08-16 10:21,5.0,响水,UBS764700679,女,特别好看，经典
1035707489,2018-08-16 10:21,3.0,福州,wml吴宝宝宝贝,女,还行吧，感觉没有太大感触
1035703972,2018-08-16 10:21,5.0,宁国,kNB871442654,女,"除了女主各方面都很完美
前面可能速度节奏会有点慢，因为全部都是在铺垫，后面的剧情
很棒的一部电影
如果最后没有把女主洗白或许会更好一点
女主存在如果没那么重要，像我是药神那样
我们看的不是爱情片，所以说女主没那么重要"
1035703962,2018-08-16 10:20,5.0,合肥,dLi290164440,女,虽然不是看的懂但是还是不错的
1035703959,2018-08-16 10:20,4.0,大连,刁健,男,本以为是喜剧，没想到黄渤来了个悬疑套路
1035703952,2018-08-16 10:19,4.0,无锡,cin1448,女,10分太骄傲，没报希望看，但是结果很棒！
1035714437,2018-08-16 10:18,3.5,郑州,小绵羊千顾,男,还可以吧，就是去的时候来晚了
1035713515,2018-08-16 10:18,5.0,合肥,Rtv208274559,女,很不错的一部电影，很励志的，激发人斗志
1035714412,2018-08-16 10:17,4.5,大连,孟婆汤111,女,支持黄渤。。
1035713491,2018-08-16 10:17,4.5,荆州,OjH893984900,女,不错不错👍电影好看，环境也很好
1035713486,2018-08-16 10:17,3.5,北京,hqP573561900,女,一般吧嗯我现在也
1035714399,2018-08-16 10:16,4.0,景德镇,Zxq13767919797,女,还是有笑点的，
1035713470,2018-08-16 10:16,5.0,南京,露露8355,女,很好看，很搞笑
1035611747,2018-08-16 10:16,5.0,佛山,_qqzts1429103625,女,最后的笑有个鬼畜
1035713455,2018-08-16 10:16,4.5,曲靖,六爷的大片,男,剧情夸张，人物刻画生动形象，一定情况下反应了社会现实。
1035713441,2018-08-16 10:15,5.0,嘉兴,大象北鼻君,女,觉得很好看 黄渤演技炸裂
1035713408,2018-08-16 10:14,5.0,常熟,ken806236004,女,好，很好，太好了。
1035714317,2018-08-16 10:14,3.5,襄阳,chine宁,女,还可以吧，张艺兴的演技这次真是无话可说
1035714316,2018-08-16 10:14,2.0,绵阳,white8664,女,奇奇怪怪  说不出来
1035708182,2018-08-16 10:13,5.0,佛山,可爱的夏目xm,女,好看   后来看了微博的脑洞 真的蜜汁恐怖
1035708174,2018-08-16 10:12,5.0,济宁,ZWB862461595,女,还不错但有些像荒岛求生
1035713361,2018-08-16 10:12,5.0,北京,qin15820489437,女,一个公司老板带着全体员工旅游，一次海浪让她们大难不死留在了岛屿上生活了长达一百多天经历了很多很多，最后出了海，这里可以看出来团队和谐团结才能赢得一切，，，，。挺好看的笑点挺多也挺教育人的
1035708164,2018-08-16 10:12,3.5,宝鸡,媳妇第一我第二,女,一般 有些许失望
1035713346,2018-08-16 10:11,5.0,开封,杨永利888,女,人性，人心，震撼
1035713340,2018-08-16 10:11,5.0,忻州,KdF980842765,女,确实不错，黄渤老师从来没有让我们失望，实力+演技
1035714214,2018-08-16 10:10,2.5,长沙,vLS979625246,女,非常一般，感觉不像电影
1035713315,2018-08-16 10:10,5.0,东莞,小友吖！,女,很棒超级赞，ヾ(❀╹◡╹)ﾉ~
1035713312,2018-08-16 10:10,4.5,唐山,L.悅,女,没期待中好吧。
1035714205,2018-08-16 10:10,3.0,上海,VvL770572000,女,就那样吧吧吧
1035713295,2018-08-16 10:09,5.0,安溪,唤起往事,女,挺不错，很好
1035639241,2018-08-16 10:09,5.0,库尔勒,SunnySir.,男,很好看!好评
1035620659,2018-08-16 10:08,5.0,自贡,cCz954096655,女,"太好看了吧
"
1035703816,2018-08-16 10:08,0.5,淮安,二两酒喝喝洗洗睡,女,差劲，没什么内容。
1035713256,2018-08-16 10:07,4.0,苏州,头头xx,女,人性的问题引人深思
1035703813,2018-08-16 10:07,5.0,福州,DaF776350735,男,很棒的电影，值得看
1035713250,2018-08-16 10:07,4.5,成都,一麦0126,女,不错不错，，，，，
1035708114,2018-08-16 10:07,3.0,邯郸,chiwan2015,女,想表达的人性问题是好的，但是剧情太夸张，很多都太没道理，最讨厌国产剧总是用爱情去让人好坏的转变，假如没有舒淇，其他人的存在会让黄渤在意么，会让他选择自己逃走么，人世间的爱只有爱情才可以感动人么。不过还是给个鼓励吧
1035713225,2018-08-16 10:06,5.0,济南,ByG751967301,女,很好的一部电影，虽然不像以前黄渤 王宝强演的那么有喜剧效果，到能看的出确实是用心了，写出了人们在不同的环境下不同的心里状态。加油！！！
1035714099,2018-08-16 10:06,4.5,钦州,hyh186777,女,很好看。像是恐怖片
1035708104,2018-08-16 10:06,4.5,合肥,eYh817214433,男,很好的一部片子，有深度，有内涵，看完能让人思考。不多说不剧透，自己去看。
1035713206,2018-08-16 10:05,2.5,嘉兴,lxhappyme,女,不算太烂，但真的谈不上精彩
1035713205,2018-08-16 10:05,5.0,单县,太.Yang,男,不错不错，好看好看！！！！！
1035713204,2018-08-16 10:05,5.0,平度,高二色,男,揭露人性 …
1035713198,2018-08-16 10:05,5.0,南京,Wuhaiyanxhd,女,有意思，真的有意思！
1035714057,2018-08-16 10:05,5.0,江都,如果再见1029,女,意料之中的好看
1035713187,2018-08-16 10:05,5.0,上海,KBE872832502,女,蛮搞笑的。。
1035713185,2018-08-16 10:05,1.5,广州,颖2894,女,不好看，特别假
1035707290,2018-08-16 10:04,3.5,北京,流小唱,男,前半个小时能忍下来的话，就能看到后面的精彩了。绝不是电影中告诉你的剧情，给你思考的空间很大。
1035639232,2018-08-16 10:04,5.0,淄博,壹个秂丶,女,凑合看  还行把 毕竟是渤哥处女作
1035708067,2018-08-16 10:03,5.0,上海,KmY289512206,女,好看好看非常好看
1035713139,2018-08-16 10:02,0.5,南通,Sunan蜀黍,女,难看的一比叼超
1035713114,2018-08-16 10:02,5.0,丹阳,vnq846926274,女,好评好评超好评，我家艺兴演技炸裂，最后黑化的时候看的我都入戏了，渤哥也是好样的，艺兴的演技不只是自己的努力，更有哥哥们的帮助，希望渤哥和艺兴未来会更好，加油＾０＾~！
1035711943,2018-08-16 10:00,4.5,上海,urx883464848,女,有趣，团结友爱能战胜一切困难！
1035711939,2018-08-16 10:00,5.0,昆山,阖家欢耶,女,这部影片写出了人性，在不同环境下的人的本性和选择，黄渤的演技无话可说，其他演员也是可圈可点，值得去影院看
1035711911,2018-08-16 09:59,3.5,烟台,djd406512634,女,只能说小绵羊成长了，演技提高了，其他的深刻含义没有体会到……
1035708040,2018-08-16 09:59,5.0,重庆,小可爱lay,女,超好看，剧情好
1035711904,2018-08-16 09:59,4.0,北京,Davy,男,黄渤导演处女作，挺不错。
1035703729,2018-08-16 09:59,1.0,成都,_qqstf1373533578,女,真的难看...还不如回家敷个面膜呢
1035713022,2018-08-16 09:58,3.0,南通,茶季camellia,女,还可以吧，喜欢舒淇
1035713020,2018-08-16 09:58,4.0,咸宁,无心使壊,男,还可以，有笑有泪，不过感觉想表达的东西太多，表达的也太明显，不过对寓言电影是一种不错的尝试。
1035713019,2018-08-16 09:58,3.0,厦门,jmO861301086,女,为了过审牺牲太多。歌和舞都不好 。有大量没用的场景。为什么要倒着拍意义何在，看着头晕。逻辑还算可以，演员演的好。
1035707223,2018-08-16 09:57,4.0,常州,woai992135337,男,荒岛求生？
1035707220,2018-08-16 09:57,5.0,郑州,RFR600133614,女,人性刻画的特别深刻，很好看的电影。
1035548927,2018-08-16 09:56,0.5,宜昌,WYQ得与失的瞬间,女,电影从头到尾没亮点，而且剧情好狗血，什么天上掉咸鱼，简直是脑洞大开好吗？难看死了，这应该是投资最少的一部电影了，黄渤这次纯赚，千万不要去看，好坑
1035703702,2018-08-16 09:56,3.5,福州,菲952,女,有点失望，就是冲着黄渤、王宝强去的，没有笑点甚至观看电影中的心情一直不好
1035711829,2018-08-16 09:56,4.0,大连,xYF549652598,女,这是细腻又引人思考的电影，困在岛上，起来的三个统治者，分别是王宝强，霸道统治，于和伟，商人统治，最后的黄渤是带领所有人过得好的仁德统治，黄渤的心路历程，很多次的拥有又到失去，电影中也有很多条线索
1035708005,2018-08-16 09:56,5.0,上海,沈壞壞,女,因为黄渤老师才看的一出好戏。真的很好看。
1035649142,2018-08-16 09:54,4.5,南京,木子,女,虽不搞笑但有深度
1035710930,2018-08-16 09:54,5.0,琼海,jjb297469830,女,很好看，值得推荐
1035710868,2018-08-16 09:54,4.0,平度,PYJ153393305,女,黄渤优秀啊，很不错，剧情可以
1035707192,2018-08-16 09:54,2.5,广州,每天看一部,男,没想像中的好看
1035711772,2018-08-16 09:53,5.0,昆山,ajC828763644,女,还可以.不错.
1035611718,2018-08-16 09:53,5.0,咸阳,iMu837356549,女,百分百神作！
1035710896,2018-08-16 09:53,5.0,泰州,zQU461039719,女,还不错，蛮好看的
1035616596,2018-08-16 09:53,0.5,芜湖,jamespan20,男,简直就是烂片一枚，小成本投资，在一个岛上拍，没有场景，我就不懂了评分怎么这么高呢？
1035707181,2018-08-16 09:53,4.0,瑞安,snsnnss,女,挺好看的后来回家看了微博一个很热门的解析后 才细思极恐 看的时候完全没主意那么多 还觉得有点无聊
1035711746,2018-08-16 09:52,2.5,丽江,jTX345691777,女,一般般吧、没有太搞笑、也没有丰富剧情、主要体现了人在恶劣环境中的释放本性暴露。
1035701972,2018-08-16 09:52,3.0,武汉,jjv844917625,女,凑合看吧，买了票还能退！
1035711735,2018-08-16 09:52,5.0,沈阳,小重博,男,挺好的，原来以为处女座不会特别好没想到真的是一出好戏啊
1035703651,2018-08-16 09:51,5.0,宿州,子游666666,女,好看搞笑，冲着黄渤和王宝强去的。
1035701955,2018-08-16 09:50,3.5,徐州,杨步义,男,国产片中难得的佳品。
1035707141,2018-08-16 09:49,4.0,长葛,云悠然666,女,好，那黄车哪里制造的，演员都很熟悉，有点意思
1035710796,2018-08-16 09:49,3.5,重庆,gaw514043495,女,一般，还可以看
1035710784,2018-08-16 09:48,0.0,大连,TcG864034032,女,大烂片，超级大烂片
1035711663,2018-08-16 09:48,5.0,北京,BCb175554473,女,好看哒。。。。
1035710776,2018-08-16 09:48,4.5,深圳,zag679635673,女,好看，很用心的电影
1035711651,2018-08-16 09:48,3.0,泗阳,YONG速度与激情8,女,电影是很有深度，但是觉得看着有点累，一般吧
1035701924,2018-08-16 09:46,3.5,重庆,AiXue2,女,看得我有点想吃鱼了~~~
1035711606,2018-08-16 09:46,5.0,大连,xlE327060169,女,一部非常好看的电影，我很喜欢！
1035710721,2018-08-16 09:46,5.0,襄阳,KOT229642581,女,很好 我的兴宝宝棒棒哒
1033742361,2018-08-16 09:46,4.0,淄博,qingkeke1,男,8分足够了，配乐好评。剧情差一点。值回票价。我们家王菲的吟唱升华了电影那个情节的意境。
1035701920,2018-08-16 09:45,5.0,任丘,妖妖灵…,女,非常不错。渤哥就不说了，演技一直在线。张艺兴这次演技也是可以的。直击人性的电影。比盗墓公寓强十万倍！
1035710714,2018-08-16 09:45,5.0,海口,utI226833193,女,我觉得不错啊！
1035710711,2018-08-16 09:45,5.0,北京,uyx748612453,女,感觉很棒，故事线简单不容易分散注意力。剧情很现实，有现实感。小兴这次是实力演绎，棒棒哒。
1035703590,2018-08-16 09:44,4.0,天津,淑女响当当,女,画面到剧情到演员的演技都可以，值得点赞的是发现船之后本以为没有什么剧情转折了，居然还有这样一出，至于网络上的惊悚片解读，也有道理，但是我没看出来，不过确实有奇怪的地方值得深思，等网络上线我再看吧
1035711533,2018-08-16 09:43,5.0,马鞍山,Allexxx,男,很不错的剧本，虽然在那种情景下，人性还是不能丢，演技都很棒
1035707078,2018-08-16 09:43,5.0,天津,njQ551719691,女,艺兴惊艳到我了，渤哥的电影很值得深究
1035711521,2018-08-16 09:43,5.0,宜城,Yub469448815,女,好看，推荐。
1035711514,2018-08-16 09:43,4.5,黑河,赤玊,女,很有条理，不乱，但是没有一种描述人性的感觉
1035703566,2018-08-16 09:42,5.0,永州,周秦小彻2513,女,人性的真善美丑在剧中完美呈现，感觉有点像鲁滨孙漂流记里上孤岛那一幕，只不过是一群人的弱肉强食，斗智斗勇。
1035711488,2018-08-16 09:41,4.0,诸城,养只小藏獒,女,还不错 我渤哥 可看~
1035710627,2018-08-16 09:41,5.0,西安,ZtJ833738712,女,就因为喜欢黄渤
1035710620,2018-08-16 09:41,5.0,黔东南,建筑思,男,不错，黄渤的处女作，让人惊艳！
1035710614,2018-08-16 09:41,3.5,台州,离殇雾雪,女,感觉还不错。
1034997223,2018-08-16 09:40,0.5,江油,楊浩文913,女,这个电影真的难看的很，比爱情公寓难看多了，全线剧情跟片名没得点点关系，被困小岛过后手机没得信号居然可以耍快手，然后还不会报警？？？这群人的求生意识这么差？？？为啥张艺兴后面反水的时候，我简直看的狗血，全程笑点极少，看的人抓阔睡，简直无聊
1035703557,2018-08-16 09:40,4.0,蒙自市,有脾气呢小尼姑。,女,嗯。。。。。我觉得还不错，但是我看微博上有人解析这部电影，我觉得我白看了
1035707044,2018-08-16 09:40,4.0,哈尔滨,杜慢慢1994,女,国产电影拍成这个程度已经挺不错了 从剧本到演员演技来讲已实属上乘 可能在情节及逻辑严谨性上还存在硬伤 但已实属难得 值得一看
1035710594,2018-08-16 09:40,5.0,深圳,湘娃子、杨少,女,很好看的电影 不错
1035707036,2018-08-16 09:39,5.0,常宁市,灵灵美,女,非常有内涵，非常棒
1035710587,2018-08-16 09:39,5.0,深圳,mKz697326834,女,好看、棒棒哒
1035707024,2018-08-16 09:38,5.0,贵阳,阿方09091,女,说实话 不好看 可能是笑点变高了吧
1035711389,2018-08-16 09:37,5.0,上海,M易阵鹿风M,女,很好看，也很有深意！
1035703527,2018-08-16 09:37,5.0,昆山,狗狗的小朋友,女,人性希望和选择
1035711364,2018-08-16 09:36,4.0,济南,_qqczx1358322463,女,节奏挺快的。
1035703525,2018-08-16 09:36,5.0,达州,Sin_MC,男,为老戏骨献上膝盖
1035710480,2018-08-16 09:35,5.0,烟台,下个路口见116,女,挺好看的，影院很宽敞
1035698986,2018-08-16 09:34,4.0,南阳,蹦沙卡拉卡塔拉,女,可以不错不错
1035710470,2018-08-16 09:34,5.0,北京,小倩向前,女,好看，人性的光辉，给艺兴点赞，演的很好
1035701813,2018-08-16 09:34,5.0,海宁,余生一个r,女,还是可以的   有我喜欢的张艺兴
1035698983,2018-08-16 09:34,5.0,沧州,ypY960113158,女,啦咯来咯弄了
1033925024,2018-08-16 09:34,5.0,石家庄,汀汀涟漪,女,挺不错的，隐喻很多。张艺兴意外表现很好，希望演技越来越好
1035701807,2018-08-16 09:33,3.0,上海,mPR906306412,女,觉得还行吧，没有那么预想的好看！
1035616564,2018-08-16 09:33,4.0,淄博,任他吹散,女,一般般，为了渤哥看的
1035703473,2018-08-16 09:32,3.0,襄阳,YHh420499362,女,小投资电影，场景画面不多，说是喜剧更像是一部纪录片
1035710413,2018-08-16 09:31,4.5,永州,来份青春炖回忆,女,现实，太现实了。
1035698945,2018-08-16 09:29,3.5,江阴,小伟1988,男,很一般，不现实
1035710348,2018-08-16 09:28,2.0,铜陵,正义勇敢小柒年,女,大失所望。。
1035701754,2018-08-16 09:28,4.5,杭州,斑小马丶,男,题材好的，作品好的，演员好的。但是不知道为什么，感觉有一点问题，
1035710330,2018-08-16 09:28,4.5,青岛,siriusmfk,女,"演员演技在线，编剧也在线，除了一开始说外面世界没有了比较刻意。全程的鸡汤非常自然，剧本真的好评，并没有刻意鸡汤的感觉。我觉得黄渤那一句“跳起来”真的非常洗脑😂
PS黑化小绵羊超级帅！！！哈哈哈！！！"
1035611690,2018-08-16 09:27,5.0,苍南,SWu239538196,女,还可以吧！！！！
1035711128,2018-08-16 09:27,5.0,贵阳,Nothing柳,女,还好，看了听挺开心的
1033914404,2018-08-16 09:26,5.0,信阳,小老子铁,女,还可以正常进行中演绎的淋漓尽致！这个电影演绎出的是生死作高智商啊！看出来一种漂浮不定语无伦次的感觉！明星很不错
1035711120,2018-08-16 09:26,2.5,佛山,风云过客,男,一般吧，感觉小制作
1035703426,2018-08-16 09:26,5.0,烟台,张红英英英英,女,充满人生哲理，不只是喜剧
1035698911,2018-08-16 09:26,3.5,成都,hRQ152979997,女,感觉还可以吧
1035710263,2018-08-16 09:25,5.0,寿光,珊珊98351,女,意料之外的惊艳！对黄渤的首部导演作品不是没有期待，但作为处女作，以为黄渤会选择更安全的商业向，结果还是低估了他的野心，在荒岛求生的故事里加入了诸多人性的暗黑和社会的隐喻，在岛上有限资源的明抢暗夺里，一切都变得赤裸裸。其实这不意外，意外的是他把这一切打造出一份接地气的作者电影的癫狂，这就相当难得了。同时为了平衡癫狂感，他对感情戏作了更多的处理，让人在暗黑之外又感受到一份希望。我觉得这就是黄渤最高明的地方：他看透了世界，但依然爱它。这才是真正的勇敢。演员方面，张艺兴意外亮点，从小绵羊到小豺狼，
1035698902,2018-08-16 09:25,5.0,合肥,情绪别至的疯子,男,有笑点，也引人深思
1035710238,2018-08-16 09:24,3.0,临沂,仅有的固执,男,一般般，没期待的那么好看
1035698893,2018-08-16 09:24,5.0,溧阳,daty12345,男,对人性诠释的很完美，
1035703385,2018-08-16 09:23,5.0,惠州,躲猫猫,男,看完大佬们的解析这部片就变成悬疑片了
1035698883,2018-08-16 09:22,3.0,惠州,xIF660490293,女,不搞笑，主要考验人心
1027794391,2018-08-16 09:22,5.0,北京,Awc852054404,男,必须支持！！！
1035703377,2018-08-16 09:22,5.0,成都,sunshine丶hu,女,很nice的一部戏
1035710177,2018-08-16 09:21,4.5,沈阳,xZI628784548,女,好看确实不错
1035706984,2018-08-16 09:20,5.0,瓦房店,_baidu3319481347,女,非常好看！！
1035701659,2018-08-16 09:20,3.0,阳江,EtY247030933,男,如果巨齿鲨成精了，舒淇来演是最适合的
1035710138,2018-08-16 09:20,2.0,普兰店,BwQ824160174,男,太人性了  不适合年轻人看
1035706945,2018-08-16 09:19,4.0,溧阳,水群,女,不是很好看，时间长
1035703349,2018-08-16 09:19,3.0,长春,仁愛666,男,感觉一般！！有些失望了😔
1035611673,2018-08-16 09:19,4.0,凯里,飝龘963,男,不错，人性的拷问！
1035710111,2018-08-16 09:19,5.0,中山,Jay周小伦,女,表面是喜剧片，实际富含很多人性的弱点
1035710103,2018-08-16 09:18,4.0,泰兴,沫Allurelove,男,就是一部人性大片吧
1035710093,2018-08-16 09:18,4.5,佳木斯,zzr.997,女,很反应社会现实
1035706908,2018-08-16 09:18,5.0,江油,LsyIxsyL,女,支持渤哥电影 张艺兴演技超惊艳！
1035611671,2018-08-16 09:17,5.0,高安,a3386776362,女,挺不错的电影呀
1035698842,2018-08-16 09:17,4.0,桂林,tPt611332316,女,还挺好的，小兴演技不错，演反面角色
1035701617,2018-08-16 09:17,5.0,常州,xbu83793964,女,"来一波代理做手工[嘿哈]
当你担心这担心那时。别人早已经收到材料开始做了，还有很多已经领了无数次手工费 别说你怕学不会、老人小孩都会 你就没理由不会😂一切取决于你的态度❤️欢迎努力上进的宝宝❤️"
1035701611,2018-08-16 09:16,3.5,青岛,uHd652581029,女,只能说一般，不过和爱森公寓比起来强多了。
1035710038,2018-08-16 09:15,5.0,吴江,yfS948636956,女,中国版黄岛求生！
1035698816,2018-08-16 09:14,3.5,天津,以后的以后丽,女,没有期待的好
1035706829,2018-08-16 09:14,5.0,临沂,senlin321,女,很好看，也很有深意，一个小小的圈子反应了整个社会，赞👍
1035706818,2018-08-16 09:13,5.0,盐城,DH13375266700,女,不错，特别精彩，棒棒棒
1035705992,2018-08-16 09:13,4.5,上海,美洋洋vs,女,这是一部值得观看的电影！演员们都演的很好，剧情精彩，人性的本质与社会的发展进化浓缩在这部电影里。张艺兴的演技有质的飞跃！
1035698797,2018-08-16 09:13,2.5,兰州,Mary’s,女,开始还好，中间看着睡着了
1035705983,2018-08-16 09:13,5.0,重庆,小雯844761056cyl,女,好看搞笑可以
1035698788,2018-08-16 09:12,5.0,济宁,优小懒,女,"编剧满分 导演满分 演员满分
黄渤牛逼！"
1035616534,2018-08-16 09:12,4.0,沈阳,Wu8102,女,没进影院前还以为是喜剧，其实一点都没有喜剧的成份。因为提前看了一些解析，所以看的过程中也仔细体会了很多隐喻成份。演员表现力都不错，不过感觉剧本弱一些，有些衔接还差一些。对于一个导演的处女作还是不错的，希望继续努力。
1035611662,2018-08-16 09:10,5.0,咸宁,min333333,女,很不错的呢。
1035587393,2018-08-16 09:10,5.0,淮安,很久以后231,女,好看好看好看好看好看
1035705907,2018-08-16 09:10,5.0,深圳,男人当做陈冠希,男,不错啊，特效非常好，支持国产，这部电影做成3D效果一定更好
1035701539,2018-08-16 09:09,5.0,昭通,S落霞与孤鹜齐飞,女,黄渤第一次做导演，剧情还行，就是有点夸张
1035705886,2018-08-16 09:09,5.0,遵义,勇均,男,搞笑中反应人性本能和贪婪
1035703222,2018-08-16 09:08,5.0,黔东南,sZN430495315,女,人心，不能考验。
1035705872,2018-08-16 09:08,3.0,遵义,RFt763479770,女,从头看到位感觉一般般，而且感觉有点二。首先这题材吧我感觉不太有新颖，其二吧如果没那几个明星不会买票不过还是让我失望了，其三，这张艺兴给你们这几个给带的我真是😱无语😓。
1035271893,2018-08-16 09:08,4.5,上海,NyB252891267,女,还可以吧，符合我对剧情的了解。
1035705861,2018-08-16 09:07,0.5,长沙,子琪babyqiee,女,烂片一部，整个演技都好尴尬， 整个不知道在说什么，看到一半都想走人了，真的这个电影一点都没含义。
1035706653,2018-08-16 09:07,4.5,北京,香炉营,男,不用那么多搞笑桥段，娓娓道来的铺垫，凸显人性弱点和挣扎，背景超现实，但人物刻画真实露骨
1035698748,2018-08-16 09:07,5.0,繁昌,不言再说,女,电影很不错 反映了很多道理 值得一看
1035698745,2018-08-16 09:06,4.0,禹州,wcC835404313,女,还不错吧，不像喜剧片。
1035706645,2018-08-16 09:06,5.0,沁阳,uc蓝色雨,女,和闺蜜一来看的，还可以
1035705825,2018-08-16 09:06,5.0,西双版纳,RVr990446617,女,舒淇还是那么年轻漂亮  
1035706614,2018-08-16 09:05,0.5,涪陵,XhZ293136567,女,真心难看，后悔买票
1035706610,2018-08-16 09:05,4.5,江阴,FhS696066374,女,法国红酒考核官
1035706596,2018-08-16 09:04,3.5,安庆,Wangxuesen123,男,有点假，内涵还是挺丰富的
1035706582,2018-08-16 09:04,4.5,东莞,rcK754656199,女,我很难过，跟电影无关
1035701492,2018-08-16 09:03,4.0,克拉玛依,今天幸福,女,女人只有在你成功时为你锦上添花！
1035701479,2018-08-16 09:02,4.5,三明,上山打老虎8920,男,外行的看个热闹；其实，内涵就像有一句台词，所谋甚大，国家的雏形，货币的起源与交换价值，食物链与阶层以及最重要的人性。
1035706537,2018-08-16 09:02,5.0,长沙,xsp703896164,女,挺好看的      不亏是黄渤演的
1035705744,2018-08-16 09:01,4.0,中山,漂泊～『浪子』,男,总体来说电影中生动地展现了人类在荒岛中求生并寻找出路的情景，重现了远古人类时代的历史发展状况，又融入了现代人类文明文化，既让人觉得好笑，又发人深思。但其中有些内容的情节过于繁琐，甚至有些无聊，没有给观众带来很好的视觉体验
1035611649,2018-08-16 09:01,0.5,无锡,星洗,女,剧情太烂太扯
1035698703,2018-08-16 09:01,5.0,无锡,青约抹痕,男,在手机上看的，很好看
1035701470,2018-08-16 09:01,3.5,石林彝族自治县,DOi849214909,女,感觉一般般吧
1035698693,2018-08-16 09:01,3.0,营山县,FXl992700716,女,和女朋友一起去看的，非常喜欢黄渤，期望值很高，但是结果还是有点失望
1035706505,2018-08-16 09:00,4.5,杭州,刘小广NO.1,男,电影很好看，看得出来是费了很大功夫才拍出的电影。人性不可测试
1035705699,2018-08-16 09:00,4.0,北京,qx344947011,女,还不错啊啊啊
1035705679,2018-08-16 08:59,4.0,唐山,诛月罹shine,女,很不错的一部片子，确实，不同环境下，人会展现出不同的一面，不过看完后感觉黄渤拍的还是有所保留了，人性的善与恶表现得不够彻底。
1035698683,2018-08-16 08:58,5.0,安顺,hdu843106015,女,好看好看好看
1035706478,2018-08-16 08:58,4.5,临沂,VUO280534013,男,很不错的一部电影，但真的不宜过度解读！
1035706470,2018-08-16 08:58,3.0,中山,cherie1128,女,一出野外求生求爱的戏，高潮很少，整部感觉比较平淡
1035705656,2018-08-16 08:58,3.0,深圳,爱你不是35天,女,荒岛求生？有了钱啥都能拍，票房高不说！
1035706460,2018-08-16 08:57,3.0,黔东南,_qqtzm1436517554,女,一般般，反转快，跨越大
1035705642,2018-08-16 08:57,3.0,北京,磐石66666,男,前边的设计还说的过去吧  只是船怎么上的悬崖上边，场景设置不太合理，另外结局说明不是很好，不符合常规逻辑一般，总体只是说还能看说不上很好看。
1035703138,2018-08-16 08:57,4.5,南阳,bxq232207411,女,蛮好看的，这个电影好真实，
1035705620,2018-08-16 08:56,3.5,三河,九如,女,很好故事情节！支持一下宝强
1035703128,2018-08-16 08:56,4.0,无锡,龙绍木,女,仁者见仁智者见智的电影吧，总体来说，还不错啦
1035698652,2018-08-16 08:55,4.5,成都,你就是我的全天下,女,看三个政权的失败，君王制果断不行！这小王有了权势就开始变了，我觉得一开始小王当王有点过了哈，接着老张老马也差不多是同样的历史，刚开始看起来可能是对大家好，但是慢慢的就开始成为昏庸的王了，为了钱、权，都慢慢迷失了！
1035698649,2018-08-16 08:55,5.0,中山,OlI135241830,女,【一出好戏】告诉我们老板与员工的差距就在于：世界末日来临，当你还在考虑个人生存问题时，他已经在布局开创新世界了......
1035705581,2018-08-16 08:54,5.0,枝江,DDE125622710,女,好看，很好，一出好戏
1035701391,2018-08-16 08:53,5.0,台州,WfG834469946,女,好看，真的挺好看的
1035705543,2018-08-16 08:53,4.0,广州,钩子,男,电影非常不错，黄渤的处女作
1035705539,2018-08-16 08:53,4.0,宜昌,Lie966222269,女,人性的弱点表现的很现实
1035705535,2018-08-16 08:53,4.0,兴城,祝英华,男,黄导的片，还可以拍的更好一些
1035649058,2018-08-16 08:52,5.0,北京,太阳花7,男,发人深省，我觉得非常不错的一个电影，有深度
1035705523,2018-08-16 08:52,4.0,呼和浩特,HYX980907,女,揭露人性，也不枉黄渤前期的大力宣传
1035705519,2018-08-16 08:52,5.0,扬中,阿雯的魏软妹,女,很不错  很有逻辑性
1035698627,2018-08-16 08:52,5.0,长春,zgf931007563,女,张总好帅好帅呀
1035706351,2018-08-16 08:52,4.5,梅河口,Bfz620784799,女,好看好看好看
1035698618,2018-08-16 08:52,4.0,崇明区,weC468430983,女,四个人分别成为首领，也反映了现实，资本主义的掌握了牌的发行量
1035705508,2018-08-16 08:51,4.0,宁波,18810271794,女,为ber哥和兴兴哥打call～
1035706333,2018-08-16 08:51,5.0,青岛,zhangshujuan1,女,非常不错，值得一看！
1035705500,2018-08-16 08:51,3.0,安阳,TRVALER,女,打三星吧，我已经二刷了，可能对于处女座导演描述一个很庞大的荒诞电影还有所不足，后来结合网上那篇结局解析还稍微有点儿意思。。。可能电影给一个更通俗易懂的结局更好一些，并且这个电影不太适合正能量结局，会让人很纠结，之前看李安导演的少年派，同样是海难，荒诞，最后的结局可谓恍然大悟。。。一出好戏就有点重头轻尾了
1035705498,2018-08-16 08:51,4.0,台州,看你大爷,男,还可以吧，啊
1035701377,2018-08-16 08:51,4.5,成都,月未坠,女,还可以，支持一下
1035649054,2018-08-16 08:51,3.0,西安,HwL428890901,女,很一般，不好看
1035698608,2018-08-16 08:50,1.5,武汉,xqc427047005,女,不好看，严重怀疑评分怎么来的，从头到尾也不搞笑，一群人在一座岛无聊至极
1035649053,2018-08-16 08:50,5.0,威海,张过过123,女,不错，，，，，，
1035705319,2018-08-16 08:50,5.0,石家庄,vgx362398611,女,还行我觉得，披露了灾后一切归零的人性，但是人性恶的一面没有完全展现出来！
1035706291,2018-08-16 08:49,5.0,威海,热情会退v,女,mm。
1035706287,2018-08-16 08:49,5.0,无锡,HAK587022366,女,挺深刻的一部电影
1035703067,2018-08-16 08:48,4.5,青岛,传奇2228,女,值得一看！推荐！
1035706273,2018-08-16 08:48,5.0,宿州,执事LL,女,世界颠倒，人性会变
1035705443,2018-08-16 08:48,2.5,成都,sPz981723939,女,还阔以还阔以
1035705441,2018-08-16 08:47,4.0,太仓,易秋,男,把人性写的很生动
1035701351,2018-08-16 08:47,5.0,威海,猫爷Vampire,女,很有深度的影片，黄渤的很多片子笑点一般，不多，而且一遍的感悟也不多，得再看，再悟。
1035706254,2018-08-16 08:47,4.0,重庆,莱昂like,男,还可以，就是结局的大转弯现实中应该是不会出现的。
1035705434,2018-08-16 08:47,5.0,平度,QJg278095645,女,还可以挺励志
1035706246,2018-08-16 08:46,5.0,临沂,fBR969599402,女,真的挺不错，张艺兴在向演员发展
1035705396,2018-08-16 08:45,5.0,阜新,莲慧,男,好好看啊！！！
1035701329,2018-08-16 08:44,4.0,渑池,qzuser,男,还可以吧 期待是挺大的  但是感觉一部影片全程没有演出来什么
1035698546,2018-08-16 08:44,5.0,重庆,jdf733556143,女,牛牛牛牛牛牛牛牛牛牛牛好看，还有点感动！！谢谢渤哥！！
1035698540,2018-08-16 08:44,1.5,青阳县,镇宇大侠,男,不喜欢感觉很垃圾
1035706184,2018-08-16 08:43,5.0,芜湖,森海2,男,不错的电影。
1033977778,2018-08-16 08:43,5.0,淄博,小啊小九九,女,看完电影后，我观看后想起中国历史三个阶段，从暴力到有秩序到科技。但是都暴露出人类贪婪的本性！一出好戏，从人性中得到升华！
1035706176,2018-08-16 08:42,5.0,常州,Dkt953285356,女,一出好戏，一部良心之作，感谢黄渤成就了张艺兴！张艺兴的演技真的提高了不少，扔扑克牌那段真的好帅，圈粉了哈哈哈！张艺兴要努力努力再努力，支持张艺兴，支持黄渤，支持一出好戏！！！！
1035705342,2018-08-16 08:42,2.5,重庆,LCV987712512,女,一点都不好笑，还说是喜剧片
1035695998,2018-08-16 08:41,4.5,保定,静默花开,男,给人印象很深刻
1035706162,2018-08-16 08:41,5.0,合肥,ahhmh,女,10分，完美。
1035706160,2018-08-16 08:41,5.0,东莞,妳a！,女,挺好看的，特搞笑
1035698522,2018-08-16 08:41,5.0,迁安,a灬雨过天晴,男,完美，背后含义蕴含的挺好
1035705328,2018-08-16 08:41,5.0,青岛,丁琳力999,女,情节很棒。人物性格刻画细腻
1035705327,2018-08-16 08:41,5.0,南阳,yi温柔只给意中人,女,挺好的！不错
1033789416,2018-08-16 08:40,4.0,宁波,AHE457199384,女,人性剖析较为透彻！ 总体来说，不错的片子。 但舒淇在里面我咋觉得格格不入，那说话腔调听着很难受，真的。看来黄渤导演对上市公司老总的格局跟境界了解不深，肤浅了。
1035695973,2018-08-16 08:39,4.0,临潼,wbZ449076028,女,看完心里听不是滋味的。人心难测
1035706124,2018-08-16 08:39,5.0,深圳,robinyys,男,没看，但是勃哥的电影，满分
1035705281,2018-08-16 08:38,5.0,成都,yeI960132930,女,值得让人反思任性的一部电影，有逃离，有面对，有追逐，有放弃，有信任，有逆转，有选择，有坚持，当然，还有不让人感到沉重的诙谐。
1035706094,2018-08-16 08:37,5.0,临沂,忘4141,女,还行…。。。
1035706077,2018-08-16 08:37,4.0,江阴,冰淇淋1998,男,就在一座岛上，没啥意思，胡闹！
1035698487,2018-08-16 08:36,4.5,昆山,vFN900969754,男,感觉名字叫个绝地求生更好！一出好戏太有戏感了
1035706068,2018-08-16 08:36,4.5,武汉,子平986,女,三水哥哥做导演的首作品，十分现实，尤其小绵羊张艺兴，在电影最后45分钟开始，演技炸裂，打call😁
1035706066,2018-08-16 08:36,4.0,长沙,BDq153465255,女,还行，没有主线，拍的有点乱，一个小时可以讲完的故事硬生生的拍了俩小时，像在看电视剧，有些情节不符合实际，总体来说还是不错的
1035706065,2018-08-16 08:36,4.0,上海,潇潇SH,男,还不错，人生就像一出戏
1035616504,2018-08-16 08:35,4.0,重庆,by蘖臻,女,强推的电影，就不会有那种预知剧情的感觉，一出好戏这个名字也很有深意，主演爆炸，张艺兴黑化意外的挺好
1035706048,2018-08-16 08:35,4.0,重庆,liang63697,女,电影给我的感觉很一般！！！
1035616502,2018-08-16 08:34,2.0,广元,熊熊有责哦,女,很一般的电影，首映当天去看的，没有预想的那么好，很一般
1035706034,2018-08-16 08:34,5.0,西宁,从康飞,男,一出好戏，不同的人看到不同的风景
1035705215,2018-08-16 08:34,5.0,如皋,Qyd958200985,女,"有深度，很细腻
渤哥的处女作力挺"
1035705208,2018-08-16 08:34,5.0,南京,aUW811755082,女,很不错的人性表达
1035701250,2018-08-16 08:34,5.0,昌乐,Zms767236176,男,一出人性的好戏。其中的每个人都是我们现实的缩影，当我们极力的隐藏自己的时候，当我们站在上帝视角去审视着这一群现实中的自己时，人性的伪装荡然无存。的确，在生存面前我们会抛弃一切，也没有什么会超越生命的价值，但是最后人性最深处的善良也同样让“人之所以为人”得到了进一步的诠释。当我们彼此深知，请在保护好自己的同时也保护好他人。
1035706023,2018-08-16 08:34,5.0,天津,bWg498441297,女,支持黄渤，支持艺兴
1035705182,2018-08-16 08:32,4.0,呼和浩特,李jan,女,只能说还可以 但是依然喜欢黄渤
1035705175,2018-08-16 08:32,4.0,包头,wXd426233423,女,对张艺兴的演技表示赞赏，有很大进步，遗憾错过了彩蛋
1035698447,2018-08-16 08:31,4.5,厦门,Bruce86803,男,前面有点絮叨 后面渐入佳境 感觉看了人类进化的不同阶段 非常好。
1035705162,2018-08-16 08:31,3.5,惠州,走在街上的猫,男,不是搞笑电影，主要讲述人性
1035704978,2018-08-16 08:31,5.0,商丘,lmw923928688,女,非常好看，大赞
1035704977,2018-08-16 08:31,3.0,民权,陌上花开amm,女,还行吧还行吧
1035704970,2018-08-16 08:30,4.0,大连,荷西471,女,"挺好看的 真的
从影院出来仿佛大梦一场的感觉"
1035698431,2018-08-16 08:30,5.0,上海,Ray0629,男,好看。支持黄渤
1035704956,2018-08-16 08:30,4.0,连云港,吹起往事的风,男,还不错，呵呵呵呵
1035705132,2018-08-16 08:29,5.0,重庆,qw900916,女,坚守底线，坚持自我，就是人生赢家
1035704946,2018-08-16 08:29,4.0,岳阳,DeS13762096788,女,不这么好看，，，
1035704930,2018-08-16 08:28,5.0,芜湖,atz296616776,男,不知道是不是抄袭，论影片给到的，可以说很棒！题材光怪陆离，但充满现实人性揭露。
1035705097,2018-08-16 08:28,4.5,北京,rcoc,男,有点长，其他还好
1035698419,2018-08-16 08:28,5.0,宿迁,vTA602419809,女,就是人性的本能
1035704918,2018-08-16 08:27,4.0,上海,Hif968497325,女,电影很好看！
1035695888,2018-08-16 08:27,4.0,南京,eNj447010215,女,剧情挺新颖，就是社会主义包袱有点重
1035695887,2018-08-16 08:27,4.0,景德镇,小羊0808,女,昨天八点场基本满场，张艺兴有惊喜，电影整体平淡，鸡汤多了点
1035698417,2018-08-16 08:27,4.0,重庆,fershfersh,女,还可以吧，没得期望值高。
1035698415,2018-08-16 08:27,5.0,都江堰,uRv454855583,女,很好看搞笑的很
1035701202,2018-08-16 08:26,5.0,巴彦淖尔,hMx698410168,女,还不错，，，
1035705069,2018-08-16 08:26,5.0,永康,哈尼哈尼8,女,打十分完全是冲着黄渤的
1035704886,2018-08-16 08:26,5.0,汕头,OJD844131601,女,很好看，不错哦。
1035701197,2018-08-16 08:26,1.5,烟台,冰舞919,男,很失望，全程没有笑过
1035705039,2018-08-16 08:24,3.0,上海,CXZ396796191,女,我觉得一般，说实话，虽然细思极恐，但是前半段看着非常平淡，后半段还好些
1035704848,2018-08-16 08:24,0.5,北京,Wrh268776296,女,超级烂片，看也是浪费时间
1035705035,2018-08-16 08:24,5.0,长治,她说久爱i626,男,好。。。。。。
1035705022,2018-08-16 08:23,3.5,唐山,英雄88888,男,有些失望，美剧的本子，国产的水平
1035698384,2018-08-16 08:23,4.0,济南,海花486,女,影片不失幽默搞笑，但也反映出了真切的人性与现实。人生如戏
1035698370,2018-08-16 08:22,5.0,邯郸,MbM480720747,男,电影不错，拍出来人的本性，棒棒的
1035616493,2018-08-16 08:21,2.0,绍兴,dyb1215,女,我只想看个喜剧而已
1035702983,2018-08-16 08:21,5.0,慈溪,BWk361898068,女,很好看，当听到阿信的歌的时候很激动
1035702972,2018-08-16 08:21,2.0,唐山,liuxiaodong85,女,个人的感觉吧，实在没觉得好看。
1035704763,2018-08-16 08:19,4.5,昆明,十玖载,男,“喜提黄导”，未来无限可期。
1035702933,2018-08-16 08:19,5.0,青岛,大姨妈其实不疼,女,好看好看好看好看
1035702927,2018-08-16 08:19,5.0,青岛,Mr.w2862,女,反映了人性啊
1035702905,2018-08-16 08:17,4.5,威海,幽谷百合2498,女,不错哦😊 。。。。。。
1035702901,2018-08-16 08:17,4.5,常州,和谐奋斗小青年,男,以外的不错，说不出来的好，黄渤这次很棒！
1035702893,2018-08-16 08:17,5.0,上海,阳光女孩601,女,一直很喜欢黄勃，始于演技，终于人品！为这么好看有深度的电影点赞！貌似明白了为什么这么好的作品，目前还没有上九点几分的评分，因为体裁直接反应了人性，太讽刺，太直白！里面以王迅为代表的马屁精墙头草，颇具领导力却智力不足的宝强，看似冷静的张总内心却波澜万千，自以为是专家的史教授，在面对现实生存的问题还是基本选择苟且，中了六千万的黄渤，从最开始满脑子的六千万，到后来兑期过后的面对现实，追求爱情，还有小兴为代表的小绵羊🐑乖弟弟，在面对金钱考验时完全反转的人格……这些人物原形，现实生活都完全存在！在苦难面前，人性暴露无遗！希望每个人依然能内心善良！影片最后告诉大家不要妄想天下掉馅饼！努力吧！
1035695814,2018-08-16 08:16,4.0,丰城,墨、染,男,电影确实不错，但是我个人去电影院看电影倾向于放松大脑，这部有点烧脑
1035704704,2018-08-16 08:16,4.5,郑州,訾鸿熙,女,很不错，，。。你一个一个人在家无聊死啦死啦地
1035704689,2018-08-16 08:15,4.0,菏泽,LLh704698105,女,还行吧，演技都不错！
1035704680,2018-08-16 08:15,5.0,天津,灿烂的微笑6543,女,看的很压抑的感觉
1035695791,2018-08-16 08:14,3.5,泾县,XlD431205919,女,还行吧！！！
1035702851,2018-08-16 08:14,3.5,深圳,童一明,女,一般般吧。。。
1035704667,2018-08-16 08:14,4.5,昆明,🔫 Cathy,女,处女作不错 成效很好
1035702840,2018-08-16 08:13,1.0,梅州,Lhi955075650,女,这电影简直是烂透了，剧情苍白，台词肤浅，笑点幼稚，拍这电影是迎合精神文明低下的人看的吗，这样的电影简直严重影响大陆电影行业发展，智商弟的人才欣赏得来
1035704654,2018-08-16 08:12,2.5,西宁,CRISIDI,女,不知所云。。
1035704648,2018-08-16 08:12,5.0,西宁,kVi453663449,女,演出了最现实的社会和真实的人性，很好的一部电影
1035702822,2018-08-16 08:12,5.0,上海,索伊米亚古城,男,是个内涵片，有点蛋炒饭的感觉！
1035704637,2018-08-16 08:12,4.5,北京,王三岁0204,女,每个演员都发挥了极致，非常佩服于和伟的演技，拍摄很辛苦，但到最后感觉想要表达的太多，可能自己智商不够，没看出来主要旨意。最后有点蒙蒙的感觉，但肯定的是，演技没谁了
1035702800,2018-08-16 08:11,1.0,重庆,我的淘201388,男,"可不可以不玩彩蛋？
有人留下，有人走的，你以为每个看电影的都包场呀？
一部可以分的电影"
1035698286,2018-08-16 08:10,4.0,南通,elephant626,男,看似喜剧，观影时却一直在思考，在面临生存挑战时人性的本能，现实生活中谁是其中的我们，我们又是其中的谁呢？
1035702776,2018-08-16 08:09,2.0,昆山,猜火车,男,为什么这么不好看，黄渤..........好好的当个演员好不好
1035695747,2018-08-16 08:09,5.0,成都,lostinxl,女,可以看看哈哈哈
1035704586,2018-08-16 08:08,5.0,克拉玛依,愤怒的金鱼gem,男,好看好看好看
1035704579,2018-08-16 08:08,4.0,兴化,sTz230437718,女,小绵羊演技在线的喜欢😏
1035704577,2018-08-16 08:08,5.0,射洪,愛汪,女,值得一看!!
1035701070,2018-08-16 08:08,3.5,长春,kTy257492851,女,期待太高了，失望
1035704573,2018-08-16 08:08,5.0,常熟,Man。1,女,很不错的作品，看到了所有人的另一面。
1035702748,2018-08-16 08:06,3.5,天津,Sgs665915740,女,黄渤首次执导看得出非常用心主题很大，商业运作有点不足
1035698261,2018-08-16 08:06,3.5,遵义,X锡99,女,说实话，可能是我的水平太低真没怎么看得懂，看得很累~
1035704520,2018-08-16 08:04,4.5,北京,pCD700361659,女,一出好戏!黄渤有想法。
1035695718,2018-08-16 08:04,5.0,新余,你是你8530,女,感受到了包场的感觉，也想好了方向
1035702720,2018-08-16 08:04,5.0,商丘,z誓言、承诺,男,还可以也没什么很特别
1035649010,2018-08-16 08:04,5.0,西安,Stannnnnnn,男,年度最佳，最佳剧情，最佳枸杞，最佳搞笑。
1035695714,2018-08-16 08:03,4.0,青岛,云南昆明两划,男,电影不错，影院不行。
1035704506,2018-08-16 08:03,5.0,耒阳,Ldz495,男,黄渤只是个精神病其他都是他幻想出来的喷雾他的情感
1035702707,2018-08-16 08:03,4.5,成都,星星,女,不错，就是结尾有点没看明白
1035702706,2018-08-16 08:03,4.5,铁岭,lovely范,女,挺好看的啊。冲着黄渤张艺兴来看的。
1035701037,2018-08-16 08:02,4.0,建水县,lpG165991882,女,最强大的是人、最弱小的也是人
1035695707,2018-08-16 08:02,5.0,成都,想遇见太阳的月亮,女,没有想象中的好看，有些无厘头，张艺兴的演技越来越好了
1035695706,2018-08-16 08:02,3.5,哈尔滨,富士山下！！,女,感觉好深奥，
1035704499,2018-08-16 08:02,3.5,成都,Abj705854628,女,想用喜剧形式表现出一些颇有深度的内涵，有些不伦不类。舍弃了其他电影选择的，不值得。
1035701036,2018-08-16 08:02,3.0,义乌,wUP15267343536,男,没看懂。结局怎么样都不知道。一笔带过太简单。
1035704497,2018-08-16 08:02,5.0,海口,Q...Y...Sea,男,"黄渤这电影很好的揭示了人性，人就是人，有好的一面也有坏的一面，他们为了自己的利益，和整个人类进化史是多么相似，一开始王宝强的暴君，然后是张总的秩序社会，最后是黄渤的希望，这是一部很好电影，当然也让我们反思,如果是我们，那会怎么样"
1035698240,2018-08-16 08:02,5.0,沈阳,Mirror.郭明鑫,男,和对象一起看的。电影包袱挺多的也反应了当今社会的现状
1035702695,2018-08-16 08:02,4.5,兴宁,Iwo808083429,女,在灾难面前，人的现实很完整的体现了出来
1035698231,2018-08-16 08:01,4.0,湖州,sVf524198312,女,黄渤，宝强还说啥
1035704478,2018-08-16 08:01,4.0,宜宾,iRu265015258,女,笑点不多，人性的东西有点过于沉重，影片处理的不是很好，可以和《药神》学下。
1035704471,2018-08-16 08:00,5.0,安庆,Angla,女,还不错，虽然没看完就走了，
1035704470,2018-08-16 08:00,5.0,泗阳,UDS234610869,女,好看😃😃😃😃😃
1035698220,2018-08-16 08:00,4.5,如皋,evildoer274,女,真的比较震惊，特别是最后张艺兴黑化的时候，
1035695682,2018-08-16 07:59,5.0,深圳,YOH337845504,女,不错😄，很好看
1035702649,2018-08-16 07:58,3.5,上海,牙泽猴,男,支持老乡的电影，作为处女作不错，感觉可以更深刻。
1035695662,2018-08-16 07:56,5.0,南京,UTc938593232,女,还行吧 冲着演员去的
1035702590,2018-08-16 07:53,5.0,哈尔滨,是楠楠不是男,女,很好 值得一看 人性的真实写照
1035639088,2018-08-16 07:53,3.0,连云港,微辣不吃葱不吃蒜,女,"剧情太拖拉 
有些地方太牵强
看到还剩半小时的时候已经打了两个盹
距离上一次看电影睡觉是看的黑猫警长
本身对这个剧情没兴趣
但是觉得黄渤老师导的
必须捧个场去看的
但是真的有点失望
用我老公的那句话来说
可能是黄渤老师想表达一些东西
而这个东西是我们没看懂的一部分
用我的话来说就是
可能我脑容量不够理解吧
如果其他人拍的我早就发圈吐槽了
但是黄渤老师的 no 不行
最后我想说
黄渤老师 对不住 
我实在看不下去了 提前半小时出场了
实在看不下去"
1035704379,2018-08-16 07:53,4.5,启东,BcO210545562,女,比较有深度的电影
1035702562,2018-08-16 07:51,2.5,即墨,拿嘎,女,感觉一般啊。
1035695627,2018-08-16 07:50,5.0,磁县,汤姆人,女,我觉得挺好，展现了人性
1035695626,2018-08-16 07:50,5.0,大连,BHx158658596,女,"这部电影蕴含丰富哲理，每位演员都表演的非常好，赞\(≧▽≦)/
"
1035695619,2018-08-16 07:48,4.5,商丘,oop259275871,女,电影挺好看的，喜欢开头的海洋😋
1035698159,2018-08-16 07:48,5.0,扬州,tPm457398829,女,笑中带泪，能引发人累反思和共鸣，在这个物欲横流的社会如何自处，如何与他人相处，值得深究
1035702514,2018-08-16 07:48,5.0,湘西,小笛子有个环球梦,男,很有感触哦。
1035698152,2018-08-16 07:47,5.0,兴化,怹486,女,很不错的电影 把人性的贪婪自私暴露的一览无余  值得一看
1035698148,2018-08-16 07:46,4.0,武汉,KtI383236334,女,怎么现在都要打字才能评论？有时候只能看感觉，说不出其他的。这就是我要说的
1035616463,2018-08-16 07:45,5.0,长春,当红小磊哥,男,非常好看，黄渤导演还是有点想法的。
1035695599,2018-08-16 07:43,4.0,大庆,BRw824059316,女,让人有二刷的冲动
1035702475,2018-08-16 07:42,3.5,广州,邹凯655,男,整个内容还是挺紧凑，比较感人，提现人性的弱点
1035639077,2018-08-16 07:40,5.0,文登,那些年少0,女,很好看张艺兴扔扑克牌那里太帅了
1035704266,2018-08-16 07:39,5.0,齐齐哈尔,樱落小丑,女,这是一部下饭的电影 看完直接去吃烤鱼了
1035704262,2018-08-16 07:39,4.0,天津,大梅梅,女,比较好看，表达各个阶层人物心里变化
1035702438,2018-08-16 07:38,5.0,赣榆,lyg_Venus,女,总体觉得不错
1035704253,2018-08-16 07:38,5.0,乳山,uQo879976610,女,不错挺好的👌👌
1035698108,2018-08-16 07:38,5.0,北京,rYd570185340,女,还好吧、看的人乱糟糟的
1035695572,2018-08-16 07:37,3.5,昆明,书架上的猫,男,"有笑点有燃点有泪点的一部电影，挺好的。电影构建了一种乌托邦一样的世界，讲述一个公司的人被困荒岛四个多月的故事。先是大家被困时的表现和反应，然后围绕三波人形成了集团：由王宝强操本行带领的“训猴”一样的野蛮人集体、由于何伟带领的，像创建公司一样带着贸易交易的集体；最后就是黄渤出来，一种带着类似宗教文化一样的，带着快乐精神世界的集体。第一波只为了生存、第二波类似于帝国，有贸易有奴隶制、第三波黄渤类似活耶稣，给人们快乐和希望。虽然我也很在意开头的彩票，不过正是彩票的无法兑换才彻底成立了与世隔绝的现状，乌托邦正式构成！
都说演而优则导，结果导出来的一般都是烂片，但是观众这次担心多虑了，黄渤没有让人失望。"
1035702428,2018-08-16 07:37,4.5,青岛,巴格达胥,男,《一出好戏》有些段落真是让人笑不出啊…黄渤nb，期待四小时的导演剪辑版。
1035692913,2018-08-16 07:36,5.0,合肥,zj454494118,女,好看非常好看确实不错
1035702396,2018-08-16 07:35,3.5,台州,dan丹2016,女,一出好戏，很真实、感人......
1035704211,2018-08-16 07:35,4.5,利川,土司城530,男,一则复杂的寓言故事。
1035704209,2018-08-16 07:35,4.0,太原,雕琢gh,女,人生面面关，生存和被生存的较量。
1035616459,2018-08-16 07:34,5.0,西安,雨狆厛嗨,男,以前认为黄渤是个很有才的演员，现在认为他是一个很有才的导演。
1035692895,2018-08-16 07:33,5.0,牟平,JKq656614032,女,特别好看，，，
1035692894,2018-08-16 07:33,5.0,绥化,FHi640764965,女,还行吧，只能说一般般
1035698075,2018-08-16 07:32,4.5,武汉,胡锐麟,男,节奏稍有欠缺，导演野心很大，是个内容很丰富，很有内涵的故事，小绵羊让我惊喜
1035695551,2018-08-16 07:31,2.0,丹阳,PGH11143366,男,一般般，看的要睡觉
1035702344,2018-08-16 07:31,4.0,长乐,pUM574857994,女,感觉羊羊演技爆表了
1035698071,2018-08-16 07:31,5.0,太原,皓月当空5107,男,真心不错，良心
1035695542,2018-08-16 07:30,5.0,海城,大花来网购,女,很赞，鲁滨逊漂流记~
1035702326,2018-08-16 07:30,5.0,开封,仃泠,女,好看，完美，喜欢
1035702324,2018-08-16 07:29,4.5,重庆,完美,女,很真实，很好看，有搞笑部分
1035704146,2018-08-16 07:29,3.5,延边,fsy827,女,定义了人性中善恶、遇险只有团结一致找到共识才能共赢！不要因为意外的惊喜而左右一切迷失自我吧！
1035704135,2018-08-16 07:28,3.5,巢湖,ffs174891021,男,值得一看！！
1035704133,2018-08-16 07:28,2.5,上海,坚强的小强291,男,算是挺好看的，笑点挺多，故事结构还挺新颖。只是演的有点过，故事情节发展一个包袱就算顺利进入，且不管合不合理。把二十一世纪的人类演的没有一点抗压能力，实属太过了。
1035695537,2018-08-16 07:28,3.0,北京,liuwf166,女,大道理谁都懂，看了不轻松
1035702307,2018-08-16 07:27,5.0,长春,永远的骑士精神,男,黄渤导演的第一部电影必须支持……
1035695532,2018-08-16 07:27,3.0,合肥,Dota0168,男,太闹腾，吵得脑仁疼！看完出来困的要死！最后笑的那段慎得慌！
1035695531,2018-08-16 07:26,4.5,烟台,xoL638387912,女,值得一看，里面人性的东西很多，值得深思
1035695526,2018-08-16 07:25,5.0,天津,LWR142841824,男,影片拍的挺有深度的，推荐！
1035704102,2018-08-16 07:25,3.5,岳阳,zhaofei19831114,男,我儿子和我看完觉得不好看，我儿子说还是药神好看多了。
1035692858,2018-08-16 07:24,4.0,上海,pRR738117663,女,对人性的考验
1034819437,2018-08-16 07:22,5.0,郑州,fjC603440259,女,没有让我失望 我觉得吧 评差评的人 看你的动画片去吧
1035702260,2018-08-16 07:22,5.0,郑州,CXK8303,女,好戏，值得观看
1035611567,2018-08-16 07:22,5.0,郑州,usG272742382,女,最好的良心电影，这个垃圾社会还一把火给烧了。
1035695507,2018-08-16 07:21,0.5,任丘,GGo691866433,女,垃圾，垃圾，垃圾，建议大家都不要够买！
1033639662,2018-08-16 07:19,5.0,太仓,✨sky✨💋,女,好看 最喜欢黄渤 
1035692837,2018-08-16 07:19,5.0,绍兴,yHF956854943,女,情节感人，笑点实足
1035702225,2018-08-16 07:18,5.0,昆明,aaaxhangxing,男,诠释人的心态变化，和面对利益的抉择
1035517901,2018-08-16 07:18,5.0,江都,fJH621426771,男,所有人身上都是戏 哭着笑 笑着哭，黄渤就是厉害！
1035698003,2018-08-16 07:14,2.5,雅安,love.story...,女,感觉没能拍出高度
1035700965,2018-08-16 07:09,5.0,龙游,QsH182750161,女,很有现实意义，窥见人生。
1035695467,2018-08-16 07:09,4.0,吉安,pRE263334528,女,感觉一般般吧
1035700952,2018-08-16 07:08,4.5,青岛,琪琪吖785,女,一出好戏爱你❤
1035702142,2018-08-16 07:07,5.0,哈尔滨,Vut424543802,女,剧情完美 值得看
1035695458,2018-08-16 07:06,5.0,武汉,oli...,女,对影院环境特别满意，电影还可以，支持黄渤!
1035702131,2018-08-16 07:06,5.0,武汉,心有林夕740,男,还可以啊，看过了
1035702128,2018-08-16 07:05,5.0,江门,CUv739760811,女,非常不错的一部电影。
1035700926,2018-08-16 07:05,5.0,南宁,周大支,女,非常好看，值得，不亏黄渤
1035702121,2018-08-16 07:04,5.0,北京,LaC839009310,女,兴！！！！！
1035702115,2018-08-16 07:03,5.0,肥城,新闻1223,女,我知道我今天笑了
1035702114,2018-08-16 07:03,5.0,南京,anney1201,女,好看好看好看，支持黄渤支持艺兴
1035691965,2018-08-16 07:02,5.0,遵义,YJJ杨清,女,"太好看了，渤哥的演技没得说，小绵羊演技大提升啊
剧情也紧凑，也很搞笑，同时述说了人性，极力推荐大家去看"
1035702091,2018-08-16 07:01,3.0,天津,_qqvkx1378872229,女,说实话真的不咋地，都没看完我们就走了，
1035702090,2018-08-16 07:01,5.0,连云港,WBJ924710244,女,笑点一般，但是故事情节值得一看。
1035702088,2018-08-16 07:00,4.0,天津,Lynne691,女,不错，希望渤哥可以继续拍出好电影！
1035702069,2018-08-16 06:58,4.5,包头,木小园oo,女,挺好看的，荒岛求生～
1035695433,2018-08-16 06:54,5.0,普宁,我叫舒婷婷,女,太爱艺兴了！演技爆棚！！好看！！！
1035700807,2018-08-16 06:52,4.5,西安,蘅苡,女,前段还不错，后面情节上处理的稍显不足，总体来说还是个好片子，值得一看。
1035695422,2018-08-16 06:51,4.5,哈尔滨,DTU539343269,女,挺好的，又有意义，特反应人性。
1035702006,2018-08-16 06:46,5.0,邯郸,请叫我五大大。,女,不错，不错，细思极恐的一部电影，里面暴露了很多的人性的黑暗面。
1035639046,2018-08-16 06:46,3.5,汶上,yingying1989216,女,一般，没我想象中的好！！
1035691908,2018-08-16 06:45,5.0,深圳,qkU237480083,女,感觉！没有法律！人就失去了人性。。。
1035699993,2018-08-16 06:45,5.0,海门,喜欢看呀,女,好看电影推荐一下给大家早上好！
1035699992,2018-08-16 06:45,3.0,桐乡,mrM833634935,女,还行!感觉不是喜剧
1035700758,2018-08-16 06:44,3.5,巴中,Summer.夏夏,女,看不太懂。奔着黄渤去的
1035699970,2018-08-16 06:40,5.0,台州,记得忘记700,女,真心好看！可以的
1035700726,2018-08-16 06:38,4.5,天津,鈊無.紮唸浅痕,女,故事不错，在欲望中该如何选择真实的人生……想知道他们之前的公司是做什么的，关注点好像不太一样，黄渤有智慧有演技最后回归还挺帅的，舒淇一直就很美，于和伟演的也很好，张艺兴的演技进步好多，黑化后眼神都很到位啊！整体效果不错，值得一看！
1035699946,2018-08-16 06:37,5.0,宜昌,法号佑平,男,非常好看，值得推荐！
1035692720,2018-08-16 06:37,5.0,如东,iBJ985732439,女,好看好看真好看
1035695388,2018-08-16 06:37,5.0,张家港,如若绽放光,女,我爱王源远111
1035691891,2018-08-16 06:36,4.5,南京,美食南京,男,少给一分，是怕黄导骄傲了！哈哈，这部电影很有深度，个人比较喜欢！
1035699907,2018-08-16 06:29,5.0,东海,cWb496910684,女,很好看！！！！！
1035700673,2018-08-16 06:28,4.0,哈尔滨,紫色天堂440,男,剧情有点扯了，演技还可以
1035692698,2018-08-16 06:28,4.5,吉林,Zy401011,女,本以为是喜剧片，结果硬是变成野外生存片。
1035695366,2018-08-16 06:27,3.0,常德,Ufj485552372,女,一般吧，有些人性的转变太生硬
1035700666,2018-08-16 06:27,4.5,长春,LadyYoyo柳,女,开头看的时候，都想走了，越往后越精彩，张艺兴演技真的上升很大，电影的内容也很打动人，这个电影主要是讲每一个人的心里变化，这个要演好很不容易，我觉得渤哥处女导还是很成功的。
1035700657,2018-08-16 06:25,5.0,北京,吧唧桃子,女,电影还不错的
1035700642,2018-08-16 06:23,5.0,邯郸,cGT994333418,女,完美～～～～
1035699875,2018-08-16 06:22,4.5,晋城,QfP470374605,女,来来来惯用套路先抑后扬吧，情节设计上还是有些细节不太清楚的，不能完全把话说清(国产电影通病)，虽然剧本和故事很吸引人，几次反转跌宕起伏看的比较过瘾，但是不能不说让人看完少了一种震撼感，这点没有发挥出来很让人生气，构筑这么大一世界观，而且走戏的套路又新颖的，驾驭不好容易玩脱...惊喜的地方，黄渤依然演技在线，小绵羊真的让人眼前一亮！拿捏有度，很有看点，希望张艺兴能继续保持实力派偶像派通杀的形象。总的来说，演技是这部剧最大的看点，故事也很不错，值得一看！
1035699872,2018-08-16 06:21,5.0,巢湖,庆大大,女,挺好看的😍😍😍
1035243911,2018-08-16 06:17,4.0,沭阳,乾三394,男,人性  资本主义和无产阶级的矛盾以及各自存在的弊端
1035691861,2018-08-16 06:13,2.5,锦州,SEQ245693724,男,还行，没有想像那么好看
1035692673,2018-08-16 06:13,4.0,南昌,fUe605928690,女,还不错！！！！！
1035616426,2018-08-16 06:12,4.0,烟台,WAZJ0207,女,我觉得一般，没有什么让我觉得这个电影很好看的点~
1035691857,2018-08-16 06:12,5.0,淮安,chen5201218,女,挺好看的 有一些地方蛮搞笑的
1035699834,2018-08-16 06:09,5.0,葫芦岛,LAF246814973,女,这部电影演绎的是一部人类的发展史，人类从臣服于力量，当崇拜权力，到依靠信仰，里面的细节处理也很好，第一阶段像格列夫游记的雅虎人，每一个阶段都切合一本书，由瓦尔赫拉力的人类简史，我觉得演的很好，
1035699816,2018-08-16 06:05,3.0,连云港,爱上云彩的月亮,女,电影真的太无聊了，笑点很尬，影院里的人很多中途离开的，看不下去，这部电影是我今年看的电影里最差的一部了
1035699795,2018-08-16 06:00,5.0,太仓,GZz497180107,女,剧情很精彩，看完之后会思考人性最真的一面
1035699787,2018-08-16 05:56,4.5,长丰县,IMc250198779,女,这部电影挺好的，张艺兴把他最后那段演的特别的好
1035692644,2018-08-16 05:51,5.0,北京,筱丶狼丨,男,挺好的。。。。
1035700545,2018-08-16 05:51,5.0,广州,z1186251412,男,这部处女作是讲的现实 和人心
1035700544,2018-08-16 05:51,5.0,徐州,xzwxkj,女,黄渤的处女座，已经很不错了。
1035691827,2018-08-16 05:48,3.5,丽水,oZH855473386,女,还好看 就是整个过程都是写岛上的不喜欢
1035692637,2018-08-16 05:47,5.0,蒙自市,頭條新聞,男,黄勃导演的好看哦
1035700531,2018-08-16 05:45,2.5,无锡,kaX923908393,女,不咋么样没什么好看
1035699760,2018-08-16 05:44,4.0,芜湖,WKL851236,女,环境不错，剧情也好看。
1035700528,2018-08-16 05:42,4.0,深圳,小山无人,女,主题不错 略显生涩 不过还是可以支持一下 为了将来更好的电影
1035695304,2018-08-16 05:34,5.0,无为,uDa501146666,女,全程没有尬演！看完值得回味！黄渤真的很赞！近期最值得看的电影🎬👍
1035699733,2018-08-16 05:26,2.5,本溪,XHQ730738833,女,期望很高，看完很失望。低成本的电影
1035699710,2018-08-16 05:12,3.0,广州,温柔如海,男,还阔以，值得去看看
1035700464,2018-08-16 05:10,5.0,平度,幸福1208安逸,女,不错，不错，不错
1035699696,2018-08-16 05:07,0.5,化州,FhP415719529,男,看的我好困，看了一半就退票了
1035691782,2018-08-16 04:54,5.0,西安,相熙欧巴vv,男,感觉挺好，挺搞笑
1035700414,2018-08-16 04:40,4.5,成都,VIo267911209,女,很好，张艺兴简直惊喜
1035699645,2018-08-16 04:35,5.0,阜阳,关二爷的小迷弟,女,巨TM好看 渤歌牛
1035692584,2018-08-16 04:32,3.0,宁波,ubC718829408,女,还行吧，也不是那种太好看
1035699614,2018-08-16 04:24,3.5,三亚,我叫小冰子,女,很值得一看，揭示人性
1035699613,2018-08-16 04:23,3.0,武城,大吉大利ii,女,一般般吧~~~
1035699608,2018-08-16 04:21,5.0,南宁,人走茶涼644,女,好看，推荐。很喜剧但是也特别能反应人性……
1035700367,2018-08-16 04:18,5.0,天津,张大美0616,女,好看，比西红柿好看多了，推荐
1035692566,2018-08-16 04:16,4.0,牡丹江,WEf197891686,女,黄渤还是很认真的，没有用无聊的包袱骗观众，在笑声中感悟一些事情，还是挺有深度的
1035700331,2018-08-16 04:07,1.5,广州,衡阳美少女,女,烂片  没有舒淇的颜  3分都不想给
1035699569,2018-08-16 04:05,5.0,濮阳,库里的小迷弟,男,好看极了！！！！！！！
1035699550,2018-08-16 03:55,3.5,三亚,男孩嘻嘻,女,。。。。还行
1035695234,2018-08-16 03:50,5.0,长沙,慧宝231,女,还可以，最后感觉有点不对～原来都结束了😂
1035695233,2018-08-16 03:50,5.0,郑州,xny140484845,女,虽然看的有点压抑  但是蛮深刻的
1035692534,2018-08-16 03:40,1.5,深圳,Stvbbokn239,女,看的我有点深海恐惧..
1035699511,2018-08-16 03:37,3.5,深圳,ohz18735968110,男,一般般，到底不知道是什么类型
1035691717,2018-08-16 03:35,4.0,乐东,wxauzst,女,黄渤的导演处女座，有稚嫩的地方也有让人眼前一亮的地方。让我印象深刻的是，装疯卖傻真真假假那一幕，让我看到了人性和现实。结局让我以为是开放式的，有两种可能，一个是两个人继续留在岛上生存，另一个是他们等待着船队的救援回到陆地。结果看到了彩蛋，更让人对这整部片子有了更多的人生的反省和领悟。不足的是，前面剧情较为拖沓，部分镶嵌的细节还有些不成熟的地方，但作为新人导演来说，已经算是不错的了，值得观看。
1035700225,2018-08-16 03:20,5.0,南宁,lqh998425,女,很震撼。表现了生命的可贵。也表达了人在为了生存的时候的自私。
1035700221,2018-08-16 03:18,4.0,个旧,daZ440647608,女,这部电影真的很好看，人性的欲望演的淋漓尽致
1035695195,2018-08-16 03:18,3.0,南通,颜先森.,男,总得来说还好，至少笑了😂
1035695191,2018-08-16 03:15,5.0,高州,nXg624710575,女,真的好看，值得推荐
1035699453,2018-08-16 03:14,5.0,汕头,UKC144730687,女,完美 一出好戏
1035695187,2018-08-16 03:11,3.0,威海,rxqdfw,男,买给爸爸妈妈看的，他俩说还可以。
1035699440,2018-08-16 03:09,5.0,深圳,WAv487545459,女,看完有回响。很有意思
1035695184,2018-08-16 03:09,5.0,鹤山,fTX389044058,女,从头到尾都全神投入，开头看那特效给眼睛一个享受。  到了片尾我开始反思，权力的趋势下可以变成那个模样。  金钱，女人，权力都得到了却丢失了人性，到最后主人公选择了人性，得来了爱情
1035700168,2018-08-16 03:04,4.0,成都,傻沐沐14728,女,还可以   挺好看的
1035695171,2018-08-16 03:00,4.0,深圳,jansonxiao,女,还不错，人性描写比较多，故事情节有点赶，真实性差点
1035611521,2018-08-16 02:59,5.0,深圳,Lwu535060059,男,事实证明资本家走到任何地方都能让别人替他打工，脑子比票子好使。
1035700113,2018-08-16 02:54,2.5,乌鲁木齐,马小跳Aries,男,一般中的一般，很多地方不符合逻辑
1035692487,2018-08-16 02:52,5.0,来宾,AL阿阿阿顺,女,很棒，超级棒，非常好，非常非常好！
1035700099,2018-08-16 02:48,0.5,重庆,SKKKKKKKK,男,一开始的片头 我还以为我走错影厅了？？吵的一团乱 **声音还大 那个什么鬼舞曲 难听的要死 大写的尴尬 只能给一分给鲸鱼 舒淇一开始怎么在岛那么靠里面卡住脚的请问 乱七八糟的
1035616400,2018-08-16 02:43,4.0,哈尔滨,qzuser,女,没看太懂，不过写实人性的弱点。
1035700075,2018-08-16 02:42,4.0,韶关,bSQ310265262,女,真就是一出好戏！黄渤，加油！！期待新品！！！
1035699321,2018-08-16 02:41,5.0,台山,kFG356070541,男,演技都挺好   可以的
1035692463,2018-08-16 02:41,3.5,惠阳,浅笑，安然281,女,嗯嗯，還不錯，值得一看
1035691635,2018-08-16 02:40,5.0,海口,喵星人来过这里,女,非常的棒！非常的好 很值得去看看。支持黄渤！！
1035700044,2018-08-16 02:37,3.5,天津,ZgM759596876,女,也许是最近看了 药神和西红柿的缘故 感觉这片并没有用说的那么好  论人性感动没有药神看着有揪心感 论笑点丝毫比不上西红柿 剧情也就那么回事 任何一个孤岛生存电影都会展现人性一面 也许是国产显示 很多该有的黑暗没拍出来 可以说没有打动人心的点 哪也不挨哪 打七分感觉已经很高了
1035700031,2018-08-16 02:36,5.0,慈溪,嘟沫儿,女,好看啊 好看啊
1035700027,2018-08-16 02:35,1.5,常熟,Home祥,女,一塌糊涂 一塌糊涂
1035695118,2018-08-16 02:32,5.0,武汉,_qqnzw1427010656,女,张艺兴的演技有提升，比想象中的好
1035699255,2018-08-16 02:30,5.0,北京,书竹不聊天,男,挺好的正能量
1035691621,2018-08-16 02:29,5.0,嘉峪关,渊睿,男,说实话，刚开始没看懂，后面看出点道道来，弱肉强食，适者生存
1035697983,2018-08-16 02:27,3.0,南宁,小龙虾，爱大鱼,男,还行，没什么值得称道哦
1035699218,2018-08-16 02:23,5.0,深圳,rTo280534493,女,因为是喜欢的导演、演员必须得看。客观来讲：这部电影黄渤导演处女座，又是自己喜欢演员所以打分的话给8分吧！黄导演还有很大提升空间，电影里面的演员：黄渤、王宝强、王迅、舒淇都是我比较喜欢看的演员，好长时间没看到黄渤和宝宝一起演电影，希望他们导演及演艺事业越来越好，给我们这些影粉提供更好看作品观赏佳作💥💥💥
1035695095,2018-08-16 02:22,4.0,广州,寻觅一份真正爱情,女,还可以，好看
1035692407,2018-08-16 02:21,4.0,乌鲁木齐,JYz382899167,女,可以看不错！！！
1035616392,2018-08-16 02:20,5.0,阿克苏,绅士、意外,女,"故事很有趣，情节很精彩。
主演很用心，但是我可能以后对冰淇淋不会再有兴趣了。😂😂😂😂"
1035699186,2018-08-16 02:19,2.5,张家港,five922,男,失望诶，啥玩意奥，强凑剧情，再也不会为所谓的明星和宣传造势买单了
1035697924,2018-08-16 02:18,4.5,深圳,JmK905404742,女,不错，很宽敞
1035699138,2018-08-16 02:13,4.0,北京,路道明,男,看完之后，觉得还行吧，一般，没有揪心的那啪，对艺兴的演技大赏，还有渤哥的演技大赏，8分自己感觉还可以
1035431349,2018-08-16 02:09,5.0,鹤壁,kmV746010781,男,不错笑点十足
1035699108,2018-08-16 02:09,2.5,泸州,丶Aron,男,一般般吧，没有想象中那么好看
1035692378,2018-08-16 02:08,4.5,昆明,vTm180083348,女,与现实很贴切
1035691565,2018-08-16 02:07,5.0,乌鲁木齐,一只的只只,女,寓意很深 真的好看 支持渤哥
1035699092,2018-08-16 02:07,4.0,珠海,世俗皆尘埃,男,到底疯没疯，细思极恐
1035691560,2018-08-16 02:06,4.0,深圳,WMM563114586,女,还不错，后面挺感人的，我也希望现实中他会为我留下来…
1035697829,2018-08-16 02:04,5.0,郑州,NSe401923927,女,感觉人性在灾难面前会表现出来。
1035691550,2018-08-16 02:04,5.0,肇庆,UBP628523483,男,真的挺好看的阿
1033685865,2018-08-16 02:02,5.0,石家庄,FrC694793342,女,建议去看哦，很好看，值得去看，电影很有深意，不经历大起大落怎叫人生
1035699059,2018-08-16 02:02,5.0,沛县,y孩子，别谈爱,女,很喜欢，支持黄勃老师
1035692351,2018-08-16 02:02,5.0,东莞,RvN282461517,女,很喜欢他们这几个演员的电影，很好看很搞笑
1035699038,2018-08-16 02:00,5.0,惠州,LiLi小麗,女,还挺好看的呀
1035697810,2018-08-16 02:00,4.0,中山,_qqs4m1435295627,女,内容很深刻，
1035697797,2018-08-16 02:00,4.5,绵阳,给予她幸福,男,怎么样做到让人崇拜信服  不能泯灭人性道德
1035697767,2018-08-16 01:56,4.0,郑州,张浩holiday,男,全程高能，剧情穿插，情理之中意料之外。张艺兴黑化和黄渤幡然醒悟形成鲜明对比，加上舒淇和王宝强的助攻，堪称18年的经典作，比那些骗人情怀去消费的强太多了。
1035611419,2018-08-16 01:56,0.5,昆明,vxd856624023,女,骗子，都是水军，真心拍得不好看！黄渤人缘好，捧场的人多而已
1035696997,2018-08-16 01:55,4.0,厦门,bhl444143957,女,不错，社会-人性-救赎 层层递进
1035611503,2018-08-16 01:54,5.0,泉州,nXW876883038,男,好看至极  给个赞
1035692317,2018-08-16 01:54,5.0,苏州,骚花傻笔,男,不说什么，自己去看
1035697746,2018-08-16 01:53,5.0,东莞,淑女范儿010397,男,还可以啦，就是剧情有点无聊
1035695006,2018-08-16 01:53,5.0,北京,茗茗晓冬咚,女,虽然感觉有点老套。但架不住演员演的好啊！
1035696870,2018-08-16 01:52,3.0,广州,chk876179813,男,啥都没记着  就记得那物体晃到我眼睛了
1035697717,2018-08-16 01:50,4.0,南京,加州旅馆鲲哥,男,还行，还不错的
1035697712,2018-08-16 01:50,4.5,福州,iRU838205742,女,处女座不错，挺能看穿人性的
1035697697,2018-08-16 01:49,4.0,兰州,黑暗骑士,男,"打着喜剧的标签，前面还笑的出来，结果越往后面看心情愈发沉重，看了网上许多解析是不是想的有些太过了，看完后觉得黄老板估计都不知道他还想表达这层意思来着。张某虽然通过头发和化妆极力弥补自己拙虐的演技，但还是显得太青涩，不得不说，真的很对不起这个被黑化的人设。黄渤演技自然没得说，但导演功力还有很大的上升空间。。。总感觉王宝强的声音一出，就会开始他那浮夸的表演。
王迅：“吃shi都赶不上热的。”
于和伟：“我们是去吃shi？😳”
徐峥出场虽不足一分钟，但“剁嘴”彩蛋喜感十足！

2018-8-12   10:00--12:14    天亿影城"
1035691483,2018-08-16 01:48,5.0,邹城,cLV280928904,女,太好看了，加油，黄渤
1035213184,2018-08-16 01:47,5.0,凉山,lucas8688,女,二刷❤️ ❤️ ❤️ ❤️ 
1034976111,2018-08-16 01:47,4.5,珠海,TVv184424148,女,张艺兴演技进步神速啊
1035697651,2018-08-16 01:45,0.5,北京,wz＿com666,女,这个片子真的是超级无聊，片子又臭又长，两个多小时，真心不好看，谢谢导演，服了。
1035692267,2018-08-16 01:44,5.0,葫芦岛,王丽813715,女,深入人心，演的好
1035696883,2018-08-16 01:42,0.5,东莞,vzn397564571,男,一出烂戏，完毕！
1035696873,2018-08-16 01:42,3.0,深圳,yau875014065,女,不是很好看一点都不搞笑
1035696871,2018-08-16 01:41,5.0,海口,XyD259139478,男,"小绵羊的演技和老戏骨比，还是有差距的呀
电影很现实，也用很通俗的手法解释了为什么富人总是富人，格局不一样，看世界的角度，也应当改改了"
1035691448,2018-08-16 01:41,5.0,临沂,禁锢的自由333,男,五分给文艺情怀，三分给我笑过，两分给人性本善，十分感谢这世界，不用谢我
1035697598,2018-08-16 01:40,5.0,上海,FHR977054866,女,非常棒，精彩，也学到了不少，特别是兴兴也会学到不少。
1035691441,2018-08-16 01:38,4.0,慈溪,刘刚辉,男,还可以吧。。
1035696818,2018-08-16 01:37,5.0,乌鲁木齐,vtj105484259,女,喜欢艺兴的演技 支持渤哥
1035696814,2018-08-16 01:37,4.0,许昌,wTf747381742,男,可以的，人性的问题一直都是研究不出来的，但是这部电影表现得淋漓尽致
1035697561,2018-08-16 01:37,3.0,郑州,USX515269077,女,看不太懂一般
1035696782,2018-08-16 01:35,4.0,南昌,杜爸比,女,演技还是可以的，人性暴露
1035697539,2018-08-16 01:35,5.0,福州,不语而心知701,男,压抑。渤哥电影一定不会错的
1035621329,2018-08-16 01:35,4.5,铜陵,出橙专业户,男,全片观完能留下思考，它揭露了资本的剥削，权利的欲望与人性的贪婪，这些“都是假的”东西却能让人膨胀疯狂，让指引变成妄想。
1035549148,2018-08-16 01:33,5.0,沈阳,bwF933639904,女,一部不错的电影
1035696745,2018-08-16 01:31,5.0,凉山,GAr898783705,女,贼好看，值得看！
1035696739,2018-08-16 01:31,5.0,银川,裴裴,女,特别好看，不错不错
1035696736,2018-08-16 01:30,4.5,增城,李喵金,女,张艺兴的演技有所提升 被他的白切黑的人设吓到了 很棒喔！继续加油！
1035696728,2018-08-16 01:30,5.0,邵武,苒dada,女,为了小绵羊来的~
1035696721,2018-08-16 01:28,2.5,吴川,創海,女,故事情节！一般吧
1035688895,2018-08-16 01:27,0.5,乌鲁木齐,小懒晴依啊,女,提不成 又不好笑又不感人
1035697445,2018-08-16 01:27,1.5,深圳,拿少，,男,个人感觉很一般，没看懂剧情核心体现什么。剧情人物价值观低俗。我是看到徐峥微博发叫500个弟兄拿刀砍二人逗逼搞笑的才过去看的。失望，从头到结束没看到徐峥。
1035697439,2018-08-16 01:27,5.0,太仓,过山车组织大队长,男,很不错的电影。
1035692192,2018-08-16 01:27,5.0,深圳,Sol176580051,女,可以好看啊不错
1035691378,2018-08-16 01:26,4.0,深圳,gFb294020845,女,比较真实了，休闲看还可以
1035696694,2018-08-16 01:26,4.0,深圳,SharonSharon36,女,还行，前面铺垫太多
1035692180,2018-08-16 01:24,3.5,潮州,歪歪39206,男,一般般  没期待的好看
1035691361,2018-08-16 01:24,4.0,武汉,绒葵,男,和药王一个类型，暗讽社会
1035692178,2018-08-16 01:24,3.5,泸州,嘿咋！,女,还可以，深意很好，但个人觉得有点平淡。
1035696660,2018-08-16 01:24,3.0,汕头,RKong317,男,处女座是这样的，不是很好看，但做出了人性的批判。希望能越做越好。
1035696655,2018-08-16 01:23,5.0,延边,qlo970981813,女,舒淇实在是太美了
1035692172,2018-08-16 01:23,1.0,西安,Daystorm,男,我打了2分，因为我真的不喜欢看这种描述人性类型的电影，个人爱好而已。
1035697379,2018-08-16 01:23,5.0,茂名,江湖656,男,电影非常好看。
1035696570,2018-08-16 01:22,3.5,婺源,思无邪  大吉,男,"整部片子还是很粗糙。立意不错，手法太差，难言精彩。
影片的故事架构不错，这也是唯一可以称得上满意的地方。不信你看男主女主的对戏，从语言，动作到心理描写，都让人觉得特别别扭。舒淇的表现也着实突兀，生硬。再者如山中各类人物的形象，完全没有好好的表现出来。要么是寂寂无声，要么就是中规中矩的完成角色任务。于和伟完全没有开始演绎，不过宝宝确实慢慢成演技派了。
还有就是影片的节奏感不好，前面还可以，后面有点拖沓。
自觉得想要通过这种电影表达主题，要么严肃点，要么更加荒诞点，或许效果会更好，如本片中规中矩只能让人不明就里，有时想好好被触动一番都觉得自己好假，氛围好尴尬。
期待黄渤下次拍电影的时候能够精打细磨"
1035696627,2018-08-16 01:22,5.0,武汉,朱小乖呀i,女,好看 小绵羊演技爆发
1035696625,2018-08-16 01:22,5.0,长沙,GkE958550467,女,不愧为处女作
1035611479,2018-08-16 01:21,4.0,开封,ikun文晴,女,挺好看的！推荐
1035691344,2018-08-16 01:21,4.0,北京,gbL608400568,男,"人性的各种丑态
推荐去看"
1035697343,2018-08-16 01:21,3.0,天津,yOM398543859,男,对黄渤期待已久的失望 电影想讲的东西太多 反而啥也没讲清楚 也不搞笑 说讲价值观 也一笔带过 讲生存吧 除了吃鱼也没啥了 说讲人性吧 也一笔带过 乱七八糟的 平平淡淡的一部电影 六分吧 如果要给八分 那就是圆了黄渤一个导演梦想  张艺兴比较好点 小绵羊变成老狐狸了 舒淇还是那么漂亮 希望黄渤以后有经验了可以变得更好 主管制作电影可能考虑的因素太多 反而没有出来更好的效果 加油吧
1035696604,2018-08-16 01:20,2.5,中牟,煭酒681,男,荒岛求生？？？
1035691327,2018-08-16 01:20,2.5,石家庄,马竞先生,男,到最后我也没看懂这部电影的意义何在。。。
1035692151,2018-08-16 01:20,5.0,成都,tjp376091196,女,值得一看❤️
1035697317,2018-08-16 01:19,4.5,牡丹江,青叶,男,还是一个人去看的。一个人也蛮好的，也蛮不好的……
1035696576,2018-08-16 01:19,3.5,温州,玖龍陆,女,一般值得看下的电影
1035697296,2018-08-16 01:18,5.0,济南,好脾气的高鱻鱻i,女,不错，有深度的电影，黄渤的处女作很满意
1035697290,2018-08-16 01:18,5.0,呼和浩特,勤奋的宝妈,女,好看，拍的很细致，演出了人的贪婪，欲望，内心的占有欲。点赞黄渤。
1035697258,2018-08-16 01:16,0.5,郑州,聆听雨声,男,几个人，一个荒岛，一艘破船，骗了多少人的钱包
1035697264,2018-08-16 01:16,4.0,中山,IhO714011830,女,挺好看的，很现实
1035697251,2018-08-16 01:15,4.5,西安,漫漫的李浪浪,女,真的很不错了，国产的这种剧已经很可以了
1035696511,2018-08-16 01:15,5.0,雅安,王者风范3850,男,很不错，很有意义
1035696456,2018-08-16 01:15,0.5,建湖,QW363423951,女,一塌糊涂..........
1035696499,2018-08-16 01:14,4.5,广州,OJl585830559,女,故事情节跌宕起伏
1035692116,2018-08-16 01:14,1.5,惠阳,Liujiakun1231,女,2分给一些演员的演技还行，1分给外景，其他不想多说，全程剧情感觉毫无逻辑不知所云，导演到底想表达什么？评分还那么高，醉了
1035573977,2018-08-16 01:14,4.5,清远,FPYYP,男,"第一个彩蛋，给我感觉，很有《功夫》结尾的味道，几乎所有人都出现了，《功夫》结尾出现的人与故事不一样，告诉我们故事是假的。而《一出好戏》的第一个彩蛋恰恰在所有人位置与故事设定相同的前提下，出现张艺兴疯了的结局。正片多处可看出张艺兴是黄渤想出来的。所以，第一个彩蛋是假的。除了黄渤所有人都死了。
但是，黄渤没疯，第二个彩蛋才是合理的，黄渤拿到了张总的一切，而旁边的人不是公司的人。如果黄渤疯了没必要再用一个彩蛋证明他疯了，所以他没疯，或许跟《少年派》的第二个故事一样为利益，也或许黄渤为骗自己。
第三个彩蛋，让人炸了。它证明了张艺兴的真实存在，而黄渤做了故事相反的事。最像的就是《盗梦空间》没有停的陀螺。"
1035697240,2018-08-16 01:14,3.0,东莞,龙城丽佳,女,电影院（3号厅）的椅子该换了，坐着老是滑下去，很影响观影的
1035697233,2018-08-16 01:14,5.0,武汉,这个我还真不懂,男,"好看
看过最好看的
是我媳妇
❤️❤️"
1035688797,2018-08-16 01:12,5.0,曲靖,御478,女,好看无话说。
1035688785,2018-08-16 01:12,3.5,长沙,JYQ0.0,女,好看，张艺兴演技很好
1035696454,2018-08-16 01:12,5.0,西安,dearmeay,男,没得说，，，
1035688791,2018-08-16 01:11,4.0,深圳,MDv111350024,男,不错的一出好戏
1035696436,2018-08-16 01:11,0.5,郑州,HBR989525830,女,赢在了剧情   可惜剧情有抄袭的嫌疑  等着人家官司吧
1035688784,2018-08-16 01:10,2.5,西安,洛上寻,男,不怎么滴，情节一般，搞笑一般，煽情一般，乱糟糟的。没重心。
1035573975,2018-08-16 01:10,5.0,重庆,功介,男,值得一看，深层次的透析人的本性
1035697176,2018-08-16 01:10,2.5,武穴,rYP155845905,女,还行了，一般般
1035692082,2018-08-16 01:10,0.5,深圳,SQW379339668,女,看着欲闷，浪费时间
1035691261,2018-08-16 01:09,5.0,温岭,hNC309602861,女,生死见证了爱
1035697163,2018-08-16 01:09,5.0,惠东,gdx730078150,女,还不错，看还是可以看的，支持王宝强  支持黄渤的不容易。
1034241729,2018-08-16 01:08,4.0,顺德,，,男,片中有揭露人性的不足，比较好，可以看，黄渤首导，必须支持
1035697151,2018-08-16 01:08,2.5,大同,DOS813143338,女,电影可悲的就是，黄渤老是想体现的是人性，但是整部剧所有角色没有体现出人性恨辣的一面。而且这里似乎每一个人都没有私心。唯一有的则是主角的弟弟。我看完了，这部剧最不想的，就是主角的弟弟失败。这部剧的剧情，虽然烂透了。但是我还是愿意给打五分。因为这里的演员都很有演技。就比如黄渤挨揍了之后。他的眼皮都在跳。要比演技的话，黄渤老师确实是很强大。但是这部剧没有让你很多眼前一亮的东西笑点很低，这让我觉得眼前一亮的无非就是那些海上的风景的确美不胜收。有让我疑惑的一点就是玉石降落在地球上，即使是只有月球大小的程度，也可以让地球顷刻间毁灭。如果没有月球大小程度的，怎么可能会淹到好几千米的高原。疑点太多无法判断
1035697139,2018-08-16 01:08,4.5,义乌,不可一世的青春a,男,剧情刺激，黄渤的处女作真心不错
1035691241,2018-08-16 01:07,4.5,广州,昨日小筑筑,男,人物转变，冲突矛盾都不错，1分扣在特效上
1035688767,2018-08-16 01:07,3.5,佛山,gba912088662,女,不够精彩，、
1035688759,2018-08-16 01:06,2.0,东莞,Qtd630796879,男,不是很好看，没笑点，没打戏
1035697101,2018-08-16 01:06,2.0,郑州,Em卩iRe丶绣,男,讲真，讲人性的电影没意思！说社会现状会更吸引人！ 给4分
1035697086,2018-08-16 01:05,4.0,北京,梦想羽翼,男,一场儿戏，没想象中好，个人有所收获，却阻止别人收获
1035697084,2018-08-16 01:05,4.0,天津,zhaoyi_0825,女,有很多细节在里面
1035697078,2018-08-16 01:05,3.0,焦作,阿阿鹏大,男,想表达深意却又违和，各取所需，我觉得让我看的很别扭。
1035697076,2018-08-16 01:05,4.5,鄂尔多斯,YoungBoy9710,女,又一部细思极恐的电影，可怕的不是剧中的人性，而是你觉得他们这样做没毛病
1035688739,2018-08-16 01:04,4.0,深圳,Ayg630269348,女,一般般吧！没啥看点
1035691214,2018-08-16 01:04,5.0,汕尾,厌.,女,很好，很喜欢
1035697042,2018-08-16 01:04,4.5,福州,日光城,男,我猜中开头却没猜到结局
1035691211,2018-08-16 01:03,5.0,天津,TVl737182944,女,非常好看，很喜欢艺兴，哈哈，黄渤也很不错！超赞
1035692037,2018-08-16 01:03,5.0,武汉,zongting2020,男,把人性的原始面裸露出来的淋漓尽至，好看
1035691209,2018-08-16 01:03,5.0,广州,师兄民,女,就近，整体还算好吧，
1035697024,2018-08-16 01:02,4.0,天津,一颗蛇果,女,还不错，黄渤还是有想法的。
1035697022,2018-08-16 01:02,4.5,大连,「飄流的葉子゜」,男,钱没白花，很好看
1035696286,2018-08-16 01:02,2.5,广州,临时以轩,男,很一般 很平常
1035697018,2018-08-16 01:02,3.5,博尔塔拉,xNa20076985,女,有一些搞笑，演的啥意思没弄明白
1035606508,2018-08-16 01:02,5.0,北京,像个孩子！421,男,棒棒哒，故事情节推理特别好
1035696278,2018-08-16 01:02,0.5,北京,DPe533609618,女,不是很好看  很无聊
1035688692,2018-08-16 01:00,5.0,郑州,起灵长安,女,就，黄渤拍的很不错。
1035694989,2018-08-16 01:00,3.5,东莞,Golden779,女,人物刻画不是很到位，没有看明白，导演想表达很多，但是什么也都没有表达出来，但相信黄渤以后会做出比这个要好的电影，但我整体看下来不是很满意，故事的张力情感的刻画都很好的表达出来，但我还是期待他的下一个作品（以上纯属我个人观点仅供参考）
1035611457,2018-08-16 01:00,4.0,合肥,EGu366418762,男,冲着黄渤来的。还可以
1035696227,2018-08-16 00:59,2.0,东莞,bCC899501051,女,疯子的电影。感觉黄渤演什么都是搞笑片。感觉这电影真没什么好看的情怀
1035696221,2018-08-16 00:59,0.5,长春,FWT178723972,女,到后来真的看不下去了  啥玩意啊
1035696215,2018-08-16 00:59,5.0,哈尔滨,utg352664810,男,黄导处女座，非常完美！
1035694945,2018-08-16 00:59,3.0,郑州,小明同学～1989,男,一般般，全程杂乱无章，一个电影没有好的故事提纲，拍瞎了！
1034888303,2018-08-16 00:58,5.0,郑州,王小辛呀,女,渤哥演的电影能差吗？回答是不可能！
1035694934,2018-08-16 00:58,4.0,许昌,vfd314736845,女,果然 高演技，好戏.走心的电影
1035688667,2018-08-16 00:58,5.0,福州,Xki389080114,女,压抑 注意细节 
1035688664,2018-08-16 00:58,5.0,贵阳,Nwe624110787,女,很搞笑，情节不重要，重要的是我们笑了
1035696160,2018-08-16 00:57,4.5,中山,BZq886005726,女,"近来有不少""其它行业""的人转行做导演，有好有坏，我承认因为是渤哥的处女作就想去看的，因为渤哥在演艺上的确有自己的独特魅力。没想到啊没想到，渤哥这次真的，换了种方式依然出彩👍。对于类型吧，我觉得有点儿悬疑，搞笑，剧情?  反正有点儿烧脑，细思极恐吧。"
1035696166,2018-08-16 00:57,4.0,杭州,可爱又迷人的小羽,男,电影七分 半分艺兴眼神 半分台词哲理
1035696158,2018-08-16 00:56,5.0,昆山,Udv916281296,女,剧情丰富多彩，这个女主角选对了，有点大话西游的情节。
1035694775,2018-08-16 00:56,5.0,淮安,tCB304484691,女,人性、贪婪、欲望、不劳而获的心里都值得人反思。很真、很实的电影。支持黄导!
1035696152,2018-08-16 00:56,5.0,吴江,QRU180900818,女,人性的变化，就好像最初的人类净化过程
1035694886,2018-08-16 00:56,5.0,赣榆,uZz693341325,女,不错，很好看啊
1035696151,2018-08-16 00:56,2.5,中山,敬,女,完全不知想表达点么……基本都在看黄渤在表演呀，我个人不是冲着黄渤去所以不怎么接受到！剧情一般，笑点基本不怎么有，感情戏也好普通！该狠点没看到，该感性点也没感觉到……在电影院看纯碎浪费钱
1035691152,2018-08-16 00:55,5.0,南充,留一半清醒，,女,真的看得我太多的感触了，真心好看，笑会儿又沉思一会的。
1035694872,2018-08-16 00:55,0.5,上海,Ihu250580084,女,比爱情公寓差远了
1035696140,2018-08-16 00:55,0.5,随州,我为宾利挣百万,男,后悔看了，一直在睡觉，无聊的电影
1035696129,2018-08-16 00:55,4.5,宜宾,TNJ237196574,女,世界是不可能毁灭的……
1035685969,2018-08-16 00:55,4.5,西安,Lr1303,男,绝境出的人心
1035696113,2018-08-16 00:54,5.0,十堰,ezo616406770,女,这部电影融合了喜剧元素，让人观看时不至于太枯燥，又加入了对于人性的揭露。
1035611446,2018-08-16 00:54,0.5,桂林,erP387532690,女,整个就是一部神经病人荒岛求生记 也许是我对黄渤期望值太高 本年度烂片之一
1035688604,2018-08-16 00:54,5.0,深圳,FmQ979122161,男,很有意义 很真实的人性
1035691137,2018-08-16 00:54,5.0,乌鲁木齐,CXn425265858,男,好看真的太好了
1035691135,2018-08-16 00:54,5.0,肇庆,mooooo198,男,很好看，真的
1035694623,2018-08-16 00:54,4.5,西安,kuyuechaosheng,男,好看吗？快来写下你的感受吧～
1035691127,2018-08-16 00:53,0.5,成都,BAKU.陈厉害,男,说实话，真的烂片，希望下一部有提高吧渤哥
1035696071,2018-08-16 00:53,4.0,重庆,QMY549476383,男,不错有深度…………………………………………………………………………………………………………………………………………………………………………………………………………………………………………
1035694814,2018-08-16 00:52,5.0,郑州,QkY860936799,男,真的惊悚，真好看
1035694812,2018-08-16 00:52,0.5,惠州,很快再相见i,男,2018第一部垃圾差评
1035694791,2018-08-16 00:52,5.0,西安,chou会发光,女,讲真的。特别好看。又让我相信爱情了。不管什么时候彼此要信任。
1035685932,2018-08-16 00:51,5.0,台州,goN915735763,女,影帝实至名归 黄渤演技真的很棒 另外小绵羊演技上涨阿  不错 好评👌
1035691107,2018-08-16 00:51,5.0,新津县,NOF724934505,女,黄渤不错👍👍
1035696034,2018-08-16 00:51,3.0,三河,Y快要变成困兽,女,出发点是好的，就是感觉故事情节略有模糊……
1035694778,2018-08-16 00:51,4.5,株洲,潮潮潮YQ,女,还可以。还不错
1035685926,2018-08-16 00:51,5.0,佛山,mIa654083589,女,真的很好看、
1035694773,2018-08-16 00:51,5.0,牡丹江,tuV719144210,女,"在面对生存时，人性就显得尤为突出！黄渤导演的真的挺符合片名“一出好戏”,真的很精彩。看完之后你会有些许的思考和某些情节上的走心。希望有更多这样良心之作呈现给观众，世间不缺娱乐，却缺少好戏。"
1035696014,2018-08-16 00:50,4.0,深圳,pnu581285703,女,值得一看的电影
1035691092,2018-08-16 00:50,3.0,贵港,落叶辰枫855,男,有点看不懂，也就那样吧…
1035685915,2018-08-16 00:50,5.0,广州,菜丝丝,女,为了黄渤来看的，不得不说黄小渤也是个才子啊！期待他更多作品！
1035611441,2018-08-16 00:50,5.0,海口,DAVID.S915,男,很值得看，深刻反映了人世间的百态！
1035685912,2018-08-16 00:50,5.0,丽水,dJE617174636,女,挺不错，很搞笑
1035691089,2018-08-16 00:50,5.0,安阳,宁欧巴、、,女,任性演的面面俱到，活灵活现
1035611436,2018-08-16 00:49,4.0,盐城,vJk563135762,女,"细思极恐，看过影评的我浑身起鸡皮疙瘩😨
作为黄渤处女座的作品是很值得肯定的🤔
优秀👍"
1035685909,2018-08-16 00:49,3.5,河源,lebronjeysn,男,一般般，不过剧情延伸道理值得思考！
1035694739,2018-08-16 00:49,2.5,杭州,楼智杰623,男,很一般一般一般
1035693947,2018-08-16 00:49,5.0,福州,aNc879203342,女,"好看
gu cgk vhj cgj j oj f g"
1035694720,2018-08-16 00:49,4.5,秦皇岛,肖染柒,男,超棒！喜欢渤哥和艺兴
1035693955,2018-08-16 00:47,4.0,南充,CZc115629650,女,一般，没有想象的好看
1035694693,2018-08-16 00:47,4.0,济宁,TnL455407117,女,人性、贪婪、善良、人性的辗转，一般人看不出来真谛，算不上喜剧，挺让人深思的。
1035693940,2018-08-16 00:47,5.0,郑州,洁宝儿503,女,挺好的影片😊 
1035694669,2018-08-16 00:47,5.0,长乐,Wfk470287429,女,很真实，每个人都会放错知错就改就是好同志
1035611433,2018-08-16 00:46,3.5,济南,颜群群,女,一定要等到最后，字幕完全结束以后，就算大家都走了，你们一定也要坚持，因为后边有彩蛋，彩蛋！
1035691059,2018-08-16 00:46,2.5,娄底,拉拉家的童年时光,女,很一般吧～没什么感觉。
1035694644,2018-08-16 00:46,0.5,上饶,真爱永恒6455,男,烂！！！！！！
1035694642,2018-08-16 00:46,0.5,成都,谢你许我一身傲气,男,不好看不好看
1035694628,2018-08-16 00:45,1.5,徐州,CVf365058772,男,有人打呼噜，不是很满意
1035694610,2018-08-16 00:45,4.0,许昌,mamiaomiao1991,女,看着一般，情节有点乱……
1035694607,2018-08-16 00:45,5.0,广州,jls595955026,女,喜欢这部影片的剧情，演的很到位
1035693883,2018-08-16 00:45,5.0,黔西南,ila990273947,女,还行。还是可以的不如西红柿首都
1035685857,2018-08-16 00:45,4.5,哈尔滨,传说中的姜教授,男,过瘾，真心不错
1035611430,2018-08-16 00:45,5.0,北京,ukn386538324,女,值得看一看！！！
1035691042,2018-08-16 00:45,5.0,昆山,小欢。。。147,女,很喜欢 支持小渤叔叔
1035688538,2018-08-16 00:45,3.0,武汉,Mtc595543561,女,看着黄渤的处女导演电影给个6分吧，题材可以，没有拍好，还不如（不醉）这种小短片创新的好。
1035694599,2018-08-16 00:45,5.0,晋江市,Maple773,女,给10分，超级好看的。
1035688535,2018-08-16 00:44,5.0,南昌,xhQ984530673,女,好搞笑，看电影就喜欢开心的片子😄
1035693874,2018-08-16 00:44,4.0,福州,罗慕天,女,给个八分吧。。
1035685850,2018-08-16 00:44,3.0,昆明,aa妮.,女,电影院装修不错  去的巨幕厅  以后看电影就这了～  这部电影吧说不出什么感受  反正就很想揍王宝强和黄渤一顿！特别王宝强大吼大叫的片段数不胜数  咱就不能心平气和?  黄渤一言不合就动手… 闹心啊  还好中间有点让人笑的剧情  不然心脏着实受不了
1035688499,2018-08-16 00:44,5.0,嵊州,WiW486189423,女,真的非常好看，黄渤导演没有让我失望，张艺兴演技也没有让我失望，尤其是王宝强真的很惊喜，反正就是非常非常非常的好看
1035694570,2018-08-16 00:44,5.0,丹东,IUY306518690,女,挺好看比巨齿鲨好看多了
1035694565,2018-08-16 00:44,2.5,南充,宇宙超级无敌小妖精💋,女,不怎么好看，以前黄渤演的都很好看，这次有点失望
1035693851,2018-08-16 00:43,5.0,南京,削铅笔的小火车,男,不错👍很有意思
1035691030,2018-08-16 00:43,4.5,太原,王老师930,男,一部寓意深刻的好片子！在一个颠倒的船上，强势者为了维护其领导地位，继续他们的美梦，故意颠倒黑白，强词夺理，隐瞒真相，以谎言实现统治。最终留下的还是人性的光辉！
1035685839,2018-08-16 00:43,4.5,三台县,rXM713701009,女,还好吧，后面不错
1035685838,2018-08-16 00:43,5.0,昆明,潇慕泽陨,女,值得一看，值得深思，就可以读懂电影所表达的意思
1035685833,2018-08-16 00:42,5.0,武夷山,Gnn980513,女,挺好看的。。
1035688501,2018-08-16 00:42,5.0,连江,燕辉509,男,不错的影片，好看
1035694525,2018-08-16 00:42,4.0,北京,骄阳啊,男,一场人性的游戏
1035693821,2018-08-16 00:42,5.0,北京,胖芹芹.,女,还不错  就是岛上求救的差不多
1035691010,2018-08-16 00:42,3.0,肇庆,rAM169968493,男,前奏太长，、笑点不够。并无想象中好看！
1035685825,2018-08-16 00:41,4.0,六安,SEy903292625,女,感觉是揭露了人性，反正看着挺有意思的
1035487186,2018-08-16 00:41,5.0,北京,ymL892584909,女,作为黄渤导演处女座（一出好戏），选景岛屿，在艰苦的环境中进行拍摄和创作实属不易，剧情紧凑，想表达更深层次的人性和在绝望环境中找到自己的安全舒适区，人物表达的细节和刻画的内心的活动表现的不够，深度可以再值得挖掘，镜头画面感比较单一，但作为首次导演出的作品，已经实属不易。。
1035694480,2018-08-16 00:41,1.5,上海,一生有你18084,男,"三分吧，这三分是给开头那条鲸鱼的！
本来嘛，还是小人物的时候，努力拍喜剧，逗大家开心，所以电影很好看。现在功成名就了，于是开始追求人性啊，社会啊，这些高级的东西，然而第一，并没有那个水平，第二，大家不爱看啊。大家每天在社会里挣扎，那么点东西，大家都知道，看个电影，乐呵乐呵，又被你拽回去那个痛苦的社会。什么仇什么怨啊？
商业电影就商业电影，我们不需要思考人生，映射社会，不需要内涵，只要不带来错误的价值观，像X时代那类型的，我们就很满意了。想要高雅，深沉，有思想，那就去拍独立电影，艺术电影。"
1035683992,2018-08-16 00:40,0.5,长春,霸气侧漏小正太,女,垃圾垃圾，不能再垃圾了。
1035693772,2018-08-16 00:40,4.0,福州,渺沧海之一粟-,女,看得我不爽😕？
1035694454,2018-08-16 00:40,4.0,郑州,qQf791977473,女,还好啦，不错！
1035693760,2018-08-16 00:40,5.0,新密,YMA256428134,女,电影挺好看的环境也挺好就是有个别人特别没素质脱了鞋脚伸到前座
1035688471,2018-08-16 00:40,5.0,宁波,皮皮呆，,男,每个电影都是用心所看 值得✌️
1035694441,2018-08-16 00:39,5.0,永康,sGy687661959,女,超级搞笑哈哈哈哈哈哈
1035685807,2018-08-16 00:39,2.5,珠海,紫陌琴璃406,女,"还行吧。  不是那么搞笑。
"
1035685804,2018-08-16 00:39,5.0,沈阳,uGJ18842314072,女,挺好看的，挺不错的😊
1035616336,2018-08-16 00:39,5.0,海口,MyR279172484,女,良心作品，王勃导演跟演技都是实力！好看，电影很长，故事很丰富。
1035693712,2018-08-16 00:38,4.0,泰州,ilu542946449,女,很现实的社会
1035685784,2018-08-16 00:38,5.0,桂林,YEB145414155,男,有点搞笑，开始剧情不明，后面还可以！
1035693698,2018-08-16 00:38,5.0,珠海,布衣安迪,男,剧情有一点点乱，总体上还不错！
1035685781,2018-08-16 00:38,5.0,德州,gWH443703375,女,人要有爱情💏 
1035693688,2018-08-16 00:38,1.5,东莞,xYo510699709,女,情节太简单，太垃圾
1035693679,2018-08-16 00:37,5.0,西安,丨羽落凡宸丨,男,很不错，很好看
1035688433,2018-08-16 00:37,3.5,东莞,找一个字代替320,女,这个电影看起来蛮搞笑的。
1035694361,2018-08-16 00:37,5.0,兰州,gjk188035440,女,张艺兴演技提高了好多，也谢谢黄渤对艺兴的照顾。
1035693647,2018-08-16 00:36,5.0,大同,王晓多460,男,类型不错，值得反思！
1035694351,2018-08-16 00:36,2.0,驻马店,长卿秦九,男,内容没啥新奇感
1035685758,2018-08-16 00:36,3.0,南宁,krZ832262297,女,原本以为是搞笑片的题材 没想到看完出来内心竟有点烦躁 不是我想象中的感觉 真的很一般！！
1035694332,2018-08-16 00:36,5.0,银川,景雪778,男,现今社会的丑恶嘴脸全部演绎精彩
1035683937,2018-08-16 00:35,1.0,天津,crystal是大念,女,"真的真的太难看了。我可以实名diss。
全程一个笑点和泪点都没有。
我可能太肤浅了，人性的意义我一点都没看出来。"
1035693607,2018-08-16 00:35,0.5,普宁,ylC526586235,女,好一般还是公寓好看
1035694309,2018-08-16 00:35,4.5,乐山,峰子8472,男,不错，人性的弱点
1035694305,2018-08-16 00:35,5.0,呼和浩特,zzhihigg,男,国产的剧情片越来越好看了
1035694295,2018-08-16 00:35,3.5,成都,Merry1830,女,总体还行吧；有些地方无厘头……
1035694291,2018-08-16 00:35,5.0,深圳,谢怜老公,女,其实海星，我觉得看一次也不会说是毫无收获
1035693591,2018-08-16 00:35,4.5,忻州,夜雪回流风,男,帮极了，精彩的一出好戏
1035685745,2018-08-16 00:35,3.5,东莞,橙橙橙橙橙橙苏。🍊,女,只能说希望越大失望越大，望以后的作品越来越好(✪▽✪)
1035683926,2018-08-16 00:34,5.0,北京,karight951,女,"必须好评！从上岛开始，人性就受到各种考验，先是物质生存，而后是欲望，信念的崩塌，进而在人力的推动下，各方势力洗盘，最终人民平等自由打破势力冲突。好不容易各方平定，人们开始接受现实，选择从头开始，却又发现原本的世界依然存在。进而有了第一个“疯子”，发现真理的往往不被人认同。曾经被欺压的人学会了兽性的狠劲，最终战胜的确实人类骨子里熏陶出来的德行。
人物刻画自然深刻真实，情节在贴合人性的角度上一环扣一环，淋漓尽致地展现人类社会的发展，和最近在看的一本书（《我们台湾这些年》）有令人讶异的共同点，即反应了现实的一些问题，又令人笑闹不已深思再三。值得一看。片尾有彩蛋，别急着走。"
1035693586,2018-08-16 00:34,4.5,北京,王东的音画世界,女,非常好看！有意思！
1035693585,2018-08-16 00:34,5.0,东莞,GREzk,女,比巨齿鲨好的多了
1035694258,2018-08-16 00:33,4.0,东莞,Contentment643,女,不错好看搞笑
1035683911,2018-08-16 00:33,5.0,宁波,不是你的撸撸,女,我要吹爆张艺兴！！这部片子真的很好看！
1035693556,2018-08-16 00:33,4.5,雅安,NAHIYUW659,男,很好，有思想有笑点
1035693547,2018-08-16 00:33,5.0,太原,ZmX728287001,女,反映社会现实！一生如此！
1035693541,2018-08-16 00:33,5.0,成都,何牛牛475,男,"对着大海发誓 

以后无论贫穷还是富有 

无论惊涛骇浪还是陨石坠落 

我们之间只有彼此 

没有欺骗 

只有信任 

依靠 

还有爱"
1035587831,2018-08-16 00:33,5.0,肇庆,Nyq617728323,男,感觉十分好，非常好看
1035694235,2018-08-16 00:32,0.5,上海,Rnb713310550,男,一塌糊涂 看的很多人睡着了……浪费时间 破 很破 非常破 
1035693523,2018-08-16 00:32,5.0,沈阳,nkF139818401,女,这部电影很黄渤，是黄渤的风格，也是他现实中为人的体现。整部电影从各个方面体现出人生的很多道理，意味深长！小电影，大思想。虽然有很多情节不太符合实际，但是这不是电影的重点，该表达的都表达到位了，也给观众一个美好的结局，看着挺舒服。感恩生活！
1035693519,2018-08-16 00:32,4.0,济宁,清秀的小野兽,女,第一层、灾难过后人性的变化、先是王凭借找到吃的住的、当上头领（王迅还送大胸女给他）紧接着，于凭借找到的大船、用资源创建了一套经济体系，再到黄凭借天降鱼雨、换来所有的不能再生的东西，再引起王和于两方的冲突当上头领，因不想再过以前的日子、隐瞒大船到来、发现隐瞒不了了，张决定杀死所有人，逼于把所有东西送给他，黄觉悟，最后和舒淇一起生活；但重点是第二层，整部影片好多细节，譬如为什么大船12天来一次，黄渤当头领是穿的衣服和精神病衣服一样，黄渤跳崖为什么镜头那么多笑脸等等，所以大胆推测，其实一切都是假的、灾难是真的、荒岛真的、但只有黄渤自己活着、一切都是他幻想出来的、不然没法解释那么多细节，还有结尾的彩蛋
1035694224,2018-08-16 00:32,4.5,青岛,czX249602078,女,怎么说，场景跟演技都在线，就是剧情太烧脑了，不适合休闲娱乐，可以当大片看
1035694220,2018-08-16 00:31,4.5,乌鲁木齐,Nxr379993772,女,挺不错的，特别的好。
1035683891,2018-08-16 00:31,5.0,常州,星...Xing,女,值得细细品味的好电影，一开始还以为是喜剧，更多的是思考，渤哥在电影里表达了好多，艺兴的演技也出乎意料，超棒的！
1035685703,2018-08-16 00:31,5.0,上饶,请叫我缪小四,女,离地一米的现实主义生活，人类内心深处的东西展现出来了
1035694179,2018-08-16 00:30,5.0,大连,YAS442595156,女,很好看 演技都不错 
1035587824,2018-08-16 00:30,1.0,西安,朱峰波560,男,不好看，没意思
1035694163,2018-08-16 00:29,5.0,陵水,醉816,女,真的是一出好戏
1035693452,2018-08-16 00:29,5.0,东莞,BxJ605717536,女,很好看，很有意义的影片，看了还想看！
1035683872,2018-08-16 00:29,5.0,赣州,f1057609209,女,好看。。。。
1035693441,2018-08-16 00:29,5.0,潜江,NBk784854174,女,超级好看，继续
1035694149,2018-08-16 00:29,5.0,乌鲁木齐,夜归人418,男,"真实，完美!偶像的处女座!
值得期待下一个作品"
1035693432,2018-08-16 00:29,4.0,玉溪,ff5421,女,让人深思的一部电影
1035694147,2018-08-16 00:29,5.0,东莞,vRk469861341,男,不错，电影好看
1035693426,2018-08-16 00:29,4.0,曲靖,輕描淡寫、.,男,题材不错，有点啰嗦
1035694130,2018-08-16 00:28,2.0,重庆,oNy950701259,女,一般，感觉没有很好看
1035694123,2018-08-16 00:28,5.0,运城,Tyler涂,女,中间迷了一会，太困了，不过确实不错的影片
1035688333,2018-08-16 00:28,5.0,无锡,dqC46996693,男,人性丑陋的一面会在饥饿，利益等因素下展现的淋漓尽致。
1035685659,2018-08-16 00:27,5.0,孝感,叫我东哥可以了,男,不错，对于黄渤的导演处女作，很厉害
1035694094,2018-08-16 00:27,2.5,茂名,kVr954638977,男,一般。看一遍不会看第二遍
1035694087,2018-08-16 00:27,5.0,成都,todayzy,女,喜欢继续加油
1035694086,2018-08-16 00:27,1.5,北京,TYC572825572,男,太一般太一般
1035688320,2018-08-16 00:26,5.0,石柱,skO204493341,女,好看。。。。。
1035694070,2018-08-16 00:26,4.5,汕尾,AKL413361922,女,黄老师 舒老师演技炸裂 张艺兴是个演员
1035694063,2018-08-16 00:26,5.0,南昌,omF347401622,女,还不错，你们喜欢看么。。
1035688309,2018-08-16 00:26,5.0,北京,zcf小超,女,18年看过最有深度的一场电影。五星推荐
1035694040,2018-08-16 00:25,5.0,滕州,淡若清风过_,男,渤叔的戏强烈推荐
1035683818,2018-08-16 00:25,5.0,上海,Qel616209932,男,好看艺兴演技杠杠滴
1035685635,2018-08-16 00:25,5.0,淄博,齐鲁文化106,男,很好，值得一看
1035683812,2018-08-16 00:25,3.5,绵阳,蠪,男,没想象中好看，就是粗略说了三个群体如何生存。
1035694023,2018-08-16 00:25,4.5,深圳,mrE527964213,女,非常好看好看好看好看好看
1035552345,2018-08-16 00:25,5.0,东莞,mlL502846616,女,张艺兴演技炸裂啦，小绵羊真的长大啦，演反派真的太好啦，全世界最好的张艺兴
1035683794,2018-08-16 00:24,4.0,青岛,orq953316134,女,还行吧，我感觉真是还行
1035683790,2018-08-16 00:24,5.0,曹妃甸,ZAq175635141,女,题材蛮好的，很正能量，演技也个个实力派，黄渤很优秀，有才华。舒淇笑起来很美。张艺兴演技暴涨，大赞
1035683789,2018-08-16 00:24,4.5,昆明,_qqk4t1439017720,女,良心剧，演戏，勃哥是认真的
1035690974,2018-08-16 00:23,4.5,自贡,昏ggg,男,挺不错的，一部很有内涵的电影
1035688277,2018-08-16 00:23,5.0,台州,xYh190587181,男,虽然去晚了没看到开头，不过结尾还是让我觉得很感动
1035685606,2018-08-16 00:23,2.5,包头,JiaPengYu,男,片子寓意非常好，讽刺了人性！但是剧情有点太无聊，不像喜剧，看完困的要死！
1035688271,2018-08-16 00:23,5.0,嵊州,Jaw644617490,女,还行，就这样
1035690958,2018-08-16 00:23,5.0,莱芜,许成成1029,女,很好看，支持黄渤的电影
1035693248,2018-08-16 00:23,4.5,成都,KVX456991929,女,越看越...怎么说呢，呼，一出好戏，天花板也会是地板，不是假的，是疯了。
1035688264,2018-08-16 00:23,3.5,北京,扬光明媚的夏天,男,可能是期待高了，感觉没什么意思，人的欲念从古至今一直到万物终结都不可能消失
1035683777,2018-08-16 00:23,1.5,佛山,jZM491911744,女,无聊，一点都不好看，
1035685545,2018-08-16 00:22,4.5,十堰,刘嘉禾596,男,还不错吧，嘻嘻哈哈的背后，有很多值得让人玩味的东西
1035683772,2018-08-16 00:22,5.0,哈尔滨,I__癌,男,整部剧情说实话 描写的只有两个字 人性   张艺兴在这里 也是颠覆了小绵羊这个称号  黄渤这部电影拍的真心不错 期待下一部
1035688255,2018-08-16 00:22,5.0,顺德,若,女,有点简单，有点复杂。但人生还是一样的过
1035690928,2018-08-16 00:22,5.0,凉山,fNW647151706,女,非常的不错！
1035688248,2018-08-16 00:22,4.5,沈阳,沐浴晨光571,女,不要因为金钱而蒙蔽了内心；不要因为众口而淹没了真实；更不要因为对方的信任而丢失了爱情……
1035683755,2018-08-16 00:21,4.0,深圳,关范昆,男,看完电影觉得还好
1035693177,2018-08-16 00:21,2.5,常德,ZRf769257393,女,作为导演处女作来说还是不错的，中规中矩，剧情如果再有层次感可能会更好，舒淇很美，果然是女神。
1035690896,2018-08-16 00:21,5.0,杭州,uXP805776566,女,可以蛮不错的
1035693160,2018-08-16 00:20,5.0,成都,IUn102707999,女,好看，值得一看的电影
1035693130,2018-08-16 00:19,5.0,上海,PsychopathMan,男,最后的徐峥真的棒呆呆
1035693122,2018-08-16 00:19,5.0,上海,宋宋1965,女,好看！好看！好看！
1035690821,2018-08-16 00:18,4.5,成都,CHi381118423,男,值得一看，作为一般电影给8分，作为导演处女作给10分 ，9分平均分，中国需要这样的电影，需要这样的导演，需要这群演员
1035690817,2018-08-16 00:18,2.5,南阳,xuming2wanglu,男,还行吧，凑合能看
1035616309,2018-08-16 00:18,3.5,北京,西革危改,女,不难看，也谈不上惊艳
1035690796,2018-08-16 00:18,4.5,诸暨,余生24448,女,很不错，值得去看的一部电影
1035685528,2018-08-16 00:18,4.0,高州,HWv653808489,女,体现人性的一部电影。
1035685525,2018-08-16 00:17,4.5,襄阳,林chris29,女,还可以，比想象中要好。
1035683692,2018-08-16 00:17,5.0,昆明,gIe855649463,女,非常不错的表现……
1035688178,2018-08-16 00:17,3.5,汕头,O康纳,男,剧情一般，比较单调
1035693058,2018-08-16 00:17,5.0,连云港,单边双边,男,剧情很有深意，不适合当喜剧看。
1035690764,2018-08-16 00:17,3.5,济南,慢慢等588,女,还行吧，主要是老演员入戏
1035690762,2018-08-16 00:17,5.0,肇庆,YFU795483308,女,炒鸡好看的，，爱艺兴
1035693053,2018-08-16 00:17,4.5,莆田,sXl995257966,女,是二刷哦，两个小时的片涵盖了太多的内容，宗教、虚幻、人性……细思极恐，强力推荐！
1035685512,2018-08-16 00:17,5.0,东阳,酒僧dj,女,还行。。。。。。
1035690753,2018-08-16 00:16,2.5,齐齐哈尔,佟三岁.,女, 黑色幽默🖤
1035690737,2018-08-16 00:16,0.5,深圳,Wnn816818333,女,很理解黄渤想要讲很多事情的心情 但是荒诞派的故事也不能这么直来直去地讲 留白太少 甚至感受到了类似「我想和你困觉」的那种表达能力上的匮乏感 情绪也太碎片了 如果这是一个小说 这么写 我觉得是OK 但是电影 就是烂片
1035683675,2018-08-16 00:16,4.0,乌鲁木齐,武心同,男,短短两个小时的电影，却将人性的丑恶和美好一一作了展示：爱情、幻想、自私、善变、恐惧、贪欲、虚伪、希望、情义、欺骗、真诚、意外、无奈和信任...
1035693030,2018-08-16 00:16,5.0,东莞,FAH733811656,女,很有感触，真到山穷水尽时我们更应该努力更应该珍惜，不断创新奇迹！
1035690731,2018-08-16 00:16,5.0,益阳,达子121317,女,剧味十足，电影十分完整的诠释了现在现社中的一些问题，也反应了一部现代中国人的问题，完美的体现了当今社会的另一面，也给现在的人们一个警示与警醒，该做什么，该说什么！一个字:真！最后祝中国电影越来越好！多拍这样的片子，我一定看，比欧美大片更能带入人的内心的戏！总之棒棒哒
1035690723,2018-08-16 00:16,4.0,昆明,Mryang小乐,男,有深度的好电影
1035683665,2018-08-16 00:16,0.5,广州,小彦6850,女,看不懂，无聊
1035690711,2018-08-16 00:15,4.5,青岛,LDJ254546183,女,这么久了，才发现自己没看懂，看了别人的分析才发现自己浮于表面，说这是一个假想世界，是精神病人幻想的，为什么是12天一次，144天获救？最后失忆为什么在精神病院？为什么保安有手铐？还有一般兑奖时间是60，就是把90倒过来，遇见北极熊却说南极崩了，也是反的……唉～自己太肤浅了，我对不起我男神
1035690702,2018-08-16 00:15,5.0,湛江,Jrovey_LJD,女,棒极了，黄渤厉害
1035683652,2018-08-16 00:15,4.0,红河,橘子味少女！,女,反转很多 笑点还比较饱满 细节上的东西很巧妙惊喜 总之很喜欢
1035688150,2018-08-16 00:15,5.0,九江,傅益达,男,不错，值得一看
1035689996,2018-08-16 00:15,5.0,漳州,dnh876735908,女,好看，黄渤的电影都会无条件买单……支持
1035690681,2018-08-16 00:15,5.0,蚌埠,uyted,女,完美，与杀不死一样完美
1035688151,2018-08-16 00:15,5.0,滁州,cNM487588699,女,挺好看的电影，确实很现实，总是在希望中失望，失望中重新颠覆自己，迎来新的希望，偏偏此时给予的不是安稳生活和爱情，而是又一次被迫选择的现实问题，不得不在道德和爱情中间做一个选择！很纠结很挣扎，也许我们这一生都不会遇到如此多的坎坷崎岖，但至少看过之后告诉自己即使环境再怎么变，善也或许是被认可的那种良心，总不能变！如今社会是多么现实，我们也不是大善人，这也是矛盾所在，很难说清楚！如何有什么人可以告诉答案就好了……
1035690675,2018-08-16 00:15,5.0,深圳,eRE122220562,男,电影很不错  每个阶段都给人不一样的感觉
1035689946,2018-08-16 00:14,4.0,开封,zlw710317,男,都是老演员，还可以…
1035683621,2018-08-16 00:13,5.0,聊城,RXb530070942,男,很走心 很扎心的一出好戏。
1035689919,2018-08-16 00:13,1.5,宾阳,手暖心涼,男,不知所谓的垃圾片子
1035689918,2018-08-16 00:13,4.0,济南,小飞侠77777,男,黄渤导演并参与编剧的首部大电影，确实非常用心非常有诚意了。剪辑流畅故事，也有新意。整片大概分三个阶段，以小王为核心，(恐惧的活着)；以张总为核心(认命的活着)和以马进为核心(有希望的活着)，用一条还说的过去的爱情主线贯穿其中。看着看着老是浮现出荒岛余生的画面。有人说电影直击人性最丑陋的一面，也对也不对，食欲性欲求生欲，自然本能，在历劫后的那种环境下，谁也不见得比谁好。人是聪明且自我的，不论遭遇什么困难，新的社会秩序马上会被建立起来。不可能倒退，不可能再活回树上去。求之不得，寤寐思服；求而得之，我之所喜。
1035686850,2018-08-16 00:13,4.5,晋江市,很简单109,女,这是喜剧？？？？把喜剧拍成恐怖电影怕是只有黄渤吧   哈哈哈     就是倒着的床有点头晕  剧情不错   思恐密集
1035688128,2018-08-16 00:12,5.0,福州,cNT781173823,男,现实社会的真实写照。小岛就像一个国家，而我们就是尾随主角身后的群众演员，为了生存，辛勤工作，没有规则的制定权，新世界旧世界，佩服这部电影的尺度。
1035688120,2018-08-16 00:12,4.5,大连,王晨曦,男,哈哈，第一次和女生去看电影，😂 可惜没做一块，中间有个她mom😣 
1035690603,2018-08-16 00:12,5.0,宜宾,aIl895224576,男,很完美的电影，剧情很好
1035690602,2018-08-16 00:12,5.0,中山,gbK183032749,女,很幽默，个人觉得特别好看
1035688118,2018-08-16 00:12,3.0,长沙,杨霞269,女,打瞌睡睡去了
1035689883,2018-08-16 00:12,3.0,长沙,王晓东944,男,舒淇的面子，还是给6分吧。
1035688108,2018-08-16 00:11,3.5,东莞,遇见。。。721,男,一般般吧 不觉得怎么好看
1035685452,2018-08-16 00:11,2.0,柳州,瀚邦2099,女,真是看不下去国产的这种电影，虽然演技还可以
1033816955,2018-08-16 00:11,4.5,安顺,Vanadium202,女,一出好戏作为黄导的处女座确实有他的独到之处，剧情有人类历史进程的剪影，有人性的善与恶，比较很多其他的片子有他的内涵和深度，不过同时也有一些问题，铺垫过长，剧情的推动快慢把握得不是很好。不过还是会期待黄导的作品，这份作品或许不那么完美，可是足够用心和努力。
1035688093,2018-08-16 00:10,5.0,长春,浅简曦,女,虽然没有之前的电影那么搞笑，但真实的演绎生活百态，人间冷暖，世态炎凉，还有团结一致的合作。真心的很喜欢这样的电影给人很多的反思
1035690535,2018-08-16 00:10,5.0,淄博,周健646,男,人性体现的淋漓尽致
1035688091,2018-08-16 00:10,4.0,江油,左幺幺,女,无聊的时候可以去看看
1035688090,2018-08-16 00:10,4.5,天津,tph153644484,女,非常的可以引起人的深思
1035690516,2018-08-16 00:10,4.0,浏阳,眚灬总是一成不变,男,非常好看！毕竟是影帝级别的！
1033845435,2018-08-16 00:09,3.5,阳江,冲锋崽J,男,我一个不怎么会看电影、看很多电影都觉得好看的人都觉得这部电影有点烂，中间有部分剧情很尬，很浮夸，而且主人公人设也有点问题，一会这样一会那样，就感觉故事结局之所以那样都是他导致的。
1035690510,2018-08-16 00:09,4.0,东莞,卢华彩,男,黄渤挺大的野心嘛，还想通过一个实验探讨一下人性？可是人性太复杂了，真要发生电影里的情况，现实肯定更残酷
1035690507,2018-08-16 00:09,0.5,佛山,瀚海,男,超级烂片……浪费时间，憋屈……什么玩意儿……
1035616289,2018-08-16 00:09,5.0,深圳,whi145731223,女,六个字够啦吧
1035611372,2018-08-16 00:09,4.0,乌鲁木齐,南山71,女,一出好戏！？
1035690486,2018-08-16 00:09,5.0,沂水,小卍鹏,男,值得看！很值得看
1035689789,2018-08-16 00:09,5.0,张家港,秋枫的落叶,女,好看，佳片好好好
1035689774,2018-08-16 00:09,5.0,漳州,RRO268950085,女,黄渤的电影还是不错滴
1035689763,2018-08-16 00:08,4.5,青岛,wangbenduo,女,喜欢你这个人
1035688065,2018-08-16 00:08,5.0,成都,miss饶帅,女,不错，挺搞笑的，封建时代、资本主义时代、社会主义时代，还有人性的考验，挺好的
1035688061,2018-08-16 00:08,5.0,哈尔滨,lTK110021725,女,怎么说那，我是真没看明白，心累啊
1035689748,2018-08-16 00:08,0.0,杭州,vTc832929244,男,没有意思，感觉非常不喜欢
1035688039,2018-08-16 00:08,4.5,北碚,ZTL942569770,女,挺好看得～剧情紧凑
1035683549,2018-08-16 00:07,5.0,义乌,mRL848695514,女,有丶东西，有点想法。
1035688046,2018-08-16 00:07,5.0,北京,糖三角813,男,拍的不错！人性的丑陋和真善美的对垒！无论多肮脏和失落的环境，都有真的地方！就一部简单的电影来说我觉满分没问题！
1035690424,2018-08-16 00:07,3.0,温岭,cCR744787434,女,一般吧，不是很搞笑
1035611369,2018-08-16 00:07,4.0,北京,xTB225665542,女,感觉比较混乱，小绵羊倒是意外的出彩
1035688042,2018-08-16 00:07,4.5,深圳,Dgv391589213,女,好看还不错的
1035690402,2018-08-16 00:07,4.0,贵阳,summers171,女,人性的利益！
1035683537,2018-08-16 00:07,3.5,镇江,kite2080,女,还不错，后面比前面好看。
1035690396,2018-08-16 00:07,5.0,长治,HOU金金,女,环境很不错~椅子很舒服
1035690394,2018-08-16 00:07,4.0,广州,不一定是我335,男,没看的时候以为是部喜剧篇看过之后原来是个悲剧篇还有就说后面手机出来的时候是个非常烂的一个安排
1035689639,2018-08-16 00:06,5.0,吕梁,『余杭』,女,好看，真实的人性面孔！
1035690389,2018-08-16 00:06,5.0,上海,CJy946503351,女,真的很好看，张艺兴的演技很爆炸，王宝强的暴躁脾气也是演绎的淋漓尽致，感谢黄渤的作品，就是没看到孙红雷和山争哥哥，哈哈，被剪了
1035690382,2018-08-16 00:06,5.0,临沂,leopold7,女,我觉得很完美诠释了社会的现实自己自力更生
1035689667,2018-08-16 00:06,5.0,荥阳,VcQ862757963,女,影片不错，内容还挺好的，黄渤老师演的很好，小兴也是新演员。表情很到位，下次还会看的
1035690367,2018-08-16 00:06,5.0,建水县,VDI151591794,女,一出好戏 戏中戏
1035688018,2018-08-16 00:06,5.0,成都,NOr708170811,女,看了一半，没看完就走了。
1035690319,2018-08-16 00:06,4.5,北京,zCb975918002,女,何止是一出好戏，我认为是一出精彩的戏，一出深刻的戏，深刻揭露社会、揭露人性的戏，同时也影射了这个社会的经济危机根源。为黄渤的导演处女座如此精彩而赞许👍 
1035685366,2018-08-16 00:05,3.5,广元,窄説,男,灾难暴露人类的自私型
1035690344,2018-08-16 00:05,4.5,射阳,张初九_,男,还不错，。。
1035689628,2018-08-16 00:05,5.0,深圳,慧慧4385,女,赞！本来是冲艺兴去的，后面被剧情吸引，第一次把后面的彩蛋都看了
1035688002,2018-08-16 00:05,0.5,湘潭,fwS195173545,女,吵架吵死了，乱哄哄的烦死了，给开始海里的那个大浪打1分
1035689619,2018-08-16 00:05,4.0,深圳,小康1670,男,一般般啦，还好啦
1035685348,2018-08-16 00:05,0.5,西安,QCo366403511,女,有点失望，没有想象的那么好看
1035690314,2018-08-16 00:05,0.5,成都,静婉儿727,女,太难看了，完全看不懂。3分
1035685343,2018-08-16 00:05,5.0,邯郸,累死困死学习死,男,"我们的黄大大很好啊，人很好。。
还有，我们的宝强也回来了"
1035689601,2018-08-16 00:04,5.0,柳州,q756270413,女,人生就是一出戏，悲也好，喜也好，活着就好了
1035683496,2018-08-16 00:04,5.0,福州,dzR41538791,女,很好看，张艺兴演技爆棚！
1035690271,2018-08-16 00:04,5.0,吉林,白芷oe,女,这一出好戏真是细思极恐啊
1035689575,2018-08-16 00:03,2.5,顺德,Xpd881298656,女,还好，我觉得不怎么样。个人喜欢咯
1035690267,2018-08-16 00:03,0.5,长治,飞飞哥哥767,女,难看的要命，真心没看过这么无聊的电影
1035689573,2018-08-16 00:03,5.0,深圳,zfh_1985,女,拉高一下评分，比巨齿鲨好看，爱情公寓没看不评价
1035678952,2018-08-16 00:02,5.0,扬中,RMm352730822,女,艺兴哥哥太棒了
1035689522,2018-08-16 00:02,3.5,海宁,自在的人977,男,不错的电影，展现出了人性的扭曲
1035689520,2018-08-16 00:02,4.5,新昌,浅海鱼hyue,男,首先，我要拉一下平均分8.2分，然后评一下。好评肯定是好评，毕竟是男主演技精湛，剧情也不错的。绝境面前人性的扭曲，传统封建思想谁都有个皇帝梦，小团体有小团体的领袖，每个人都想当领袖，主要还是一个人性。
1035685314,2018-08-16 00:02,5.0,沙县,enjoy音魂,男,人性，兽性？不到最后关头，谁也不知道自己会做出什么选择
1035690224,2018-08-16 00:02,2.5,江门,qFw953207637,女,不合剧情不能表达人性的羞恶与善良，王宝强演得像个白痴
1035689504,2018-08-16 00:02,5.0,西宁,QpE363583090,女,真好看，真好笑
1035690211,2018-08-16 00:02,3.0,鹤山,Fxg100898975,女,论剧情其实比较一般，不过内容、手法系有D深度
1035690208,2018-08-16 00:01,4.5,北京,AW_Wl,男,        
1035689489,2018-08-16 00:01,4.5,内江,_qqdfx1427295123,女,小绵羊有几个眼神几个背影真的是吓到，演技有进步噢，不错不错
1033938173,2018-08-16 00:01,5.0,晋江市,岁月如歌lai,男,习惯性的好评，其实电影很多地方并不是那么完美的，但是一直都是黄渤的粉丝，必须满分
1035683451,2018-08-16 00:01,4.5,临沂,gMw38332748,男,情节生动，环环相扣，比较现实，值得一看
1035611354,2018-08-16 00:01,5.0,沈阳,RNp924650552,女,对人性刻画的非常好，我给99分。那一分怕你骄傲。
1035689481,2018-08-16 00:01,5.0,玉溪,德玛西亚呵呵哒,女,这部电影是我最近几年看到的故事最圆最值得深思的剧情片。黄渤的作品，都不会失望，这部他亲手执导的作品更没有让人失望。最棒的莫过于 “灾难＋统治＋政变＋战争＝绝望” 后马进打开那盏灯配上“查拉图斯特拉如是说”进化般的演讲让所有人知道我们还有未来！真的太棒了！至于圆，那就是“爱情”。
1035690195,2018-08-16 00:01,5.0,南阳,洋洋欧巴哥,女,不错  对得起电影票
1035690192,2018-08-16 00:01,5.0,成都,wAN440446439,女,好看，娃娃们都喜欢
1035689476,2018-08-16 00:01,5.0,茂名,我是心悦3,男,觉得这部电影还是适合看的
1035690182,2018-08-16 00:01,5.0,濮阳,沫影。618,女,如果看之前看过影评的人你会觉得这部戏有些细节很恐怖 尤其是小兴黑化的时候不得不说从未见过的张艺兴 演技在线  渤导的电影绝对不是吹得
1035690180,2018-08-16 00:01,5.0,黔西南,布莱恩大伟,女,好看极了，支持
1035683444,2018-08-16 00:00,5.0,六盘水,lsI231165677,女,好看，搞笑！
1035689445,2018-08-16 00:00,5.0,苏州,Fiq529270600,女,近期最好的一部电影
1035689437,2018-08-16 00:00,4.5,深圳,大大3749,男,挺好看的 ，喜欢黄渤艺兴舒淇
1035690152,2018-08-16 00:00,5.0,广州,ojY448743580,女,反映真实人性。
1035685283,2018-08-16 00:00,5.0,潍坊,木子敏360,女,值得一看，，
1035689426,2018-08-15 23:59,4.5,佛山,WSz967592391,女,各种纠结.社会就是这样
1035683431,2018-08-15 23:59,3.5,成都,cnopee347,男,呵呵，没想象的好看
1035690134,2018-08-15 23:59,4.5,天津,Exl164789405,女,"我真的觉得很好！黄渤是个很有思想的人，剧本好、演员也都非常赞！张艺兴演技有提高！王宝强算本色吧！于和伟确实演技棒！
顺便说一下，金逸的这个座椅套还能再脏一点吗？几乎每个都有污渍……真够恶心的！"
1035690133,2018-08-15 23:59,2.5,上海,何萌萌186,男,没想象中的那么出彩
1035689393,2018-08-15 23:59,4.0,吴江,Cjl171978243,女,值得深思。。
1035690108,2018-08-15 23:59,4.5,武汉,MIKO,女,人之所以称之为人，有区别于动物的根本在于人除了有自然属性之外还有社会属性，会追求带走精神属性的东西，例如真理、爱情等，这部电影让我想到东野圭吾的《悖论13》，同样的世界末日，同样的揭示人性，同样的需要战胜自我，不同的是一个世界真的还在，一个世界真的已经毁灭，一个坐上船就能回家，一个要敢自杀才能重生，真的假的有那么重要吗？我觉得重要，因为假的永远成不了真的！美好的虚幻＆残酷的真实哪个才是更好的选择？我选择后者，只有真正痛过，才会知道什么更重要。就算是坨*，只要冻住了，就是冰淇淋，但是*终归是*啊，永远也成不了冰淇淋。
1035683418,2018-08-15 23:59,4.5,徐州,小新么蜡笔,女,直至人心 好～
1035690101,2018-08-15 23:58,5.0,郑州,hsg240642989,女,灵与肉的博弈。正与假的对冲。现实与爱情的交融。生存生活完美的诠释。真爱来结尾。漂亮
1035685261,2018-08-15 23:58,2.5,邯郸,zqm13832024888,男,没有什么意思～～～
1035685263,2018-08-15 23:58,4.0,赤峰,儬葮忝涯,男,看到了迷失的影子
1035689376,2018-08-15 23:58,3.5,东莞,tkZ563305136,女,不适合，太讲人心吧
1035690089,2018-08-15 23:58,4.5,重庆,cvH898652990,女,没有人不想成功，难的是如何同时保持初心不变。这部电影居然让我反思自己，可以说很不错了！还有，张艺兴在里面演的也是真的不错！
1035690088,2018-08-15 23:58,5.0,清远,GRf685462983,女,好看，评分不止8.2
1035687904,2018-08-15 23:58,5.0,上海,nZP181275260,女,下鱼可以理解有龙卷风，可是北极熊我还没明白，不过片子还不错
1035678883,2018-08-15 23:58,5.0,资阳,fFf569281805,女,挺好看的，没让我失望
1035685257,2018-08-15 23:58,5.0,沈阳,qq139123139ma,男,感觉还算蛮有深意的。
1035685256,2018-08-15 23:58,5.0,昆明,IrL679867392,女,很好看，一种新感觉
1035687902,2018-08-15 23:57,5.0,长沙,唐绎泽123,男,非常好看，非常好看
1035689341,2018-08-15 23:57,5.0,河池,oRE698817942,女,好看好看，人性的弱点
1035690046,2018-08-15 23:57,4.0,南充,十月天蝎101,女,个人感觉还行！
1035683399,2018-08-15 23:57,5.0,郑州,我是坚硬的木头,女,加油！！希望票房要破十亿啊！！
1035683397,2018-08-15 23:57,5.0,沈阳,etN589230593,男,比预期的要好，单从影片观赏角度，值得一看，表现了很多社会现实
1035685243,2018-08-15 23:57,5.0,昆明,myl女侠,女,好看好看好看
1035689317,2018-08-15 23:57,5.0,武汉,萧宝宝in,女,挺好看的，没失望
